Price,Adj Close,Close,High,Low,Open,Volume
Ticker,JEPI,JEPI,JEPI,JEPI,JEPI,JEPI
Date,,,,,,
2020-05-21,32.55744171142578,49.935001373291016,50.130001068115234,49.86000061035156,50.029998779296875,6200
2020-05-22,32.66111373901367,50.09400177001953,50.099998474121094,49.88999938964844,49.93000030517578,9500
2020-05-26,32.755001068115234,50.237998962402344,50.599998474121094,50.237998962402344,50.5,5600
2020-05-27,33.00862503051758,50.62699890136719,50.720001220703125,50.400001525878906,50.720001220703125,352100
2020-05-28,33.34310531616211,51.13999938964844,56.27000045776367,50.91999816894531,51.060001373291016,53300
2020-05-29,33.378299713134766,51.194000244140625,53.02000045776367,50.90999984741211,51.029998779296875,55300
2020-06-01,33.36135482788086,51.167999267578125,51.29999923706055,51.167999267578125,51.29999923706055,10500
2020-06-02,33.399818420410156,51.22700119018555,51.27000045776367,51.119998931884766,51.13999938964844,11000
2020-06-03,33.538055419921875,51.43899917602539,51.58000183105469,51.31100082397461,51.400001525878906,10000
2020-06-04,33.344417572021484,51.141998291015625,51.327999114990234,51.09000015258789,51.310001373291016,4800
2020-06-05,33.52501678466797,51.41899871826172,52.08000183105469,51.41899871826172,52.08000183105469,7100
2020-06-08,33.465023040771484,51.32699966430664,51.32899856567383,51.1150016784668,51.32600021362305,21700
2020-06-09,33.288326263427734,51.055999755859375,51.290000915527344,51.055999755859375,51.290000915527344,11800
2020-06-10,33.32028579711914,51.10499954223633,51.29899978637695,51.10499954223633,51.119998931884766,4200
2020-06-11,32.6865234375,50.132999420166016,51.439998626708984,50.119998931884766,51.439998626708984,4400
2020-06-12,32.55418395996094,49.93000030517578,50.04999923706055,49.5,50.005001068115234,3700
2020-06-15,32.79542541503906,50.29999923706055,50.29999923706055,49.5890007019043,49.5890007019043,4400
2020-06-16,33.0223274230957,50.64799880981445,50.790000915527344,50.64799880981445,50.790000915527344,400
2020-06-17,33.01123809814453,50.63100051879883,50.86000061035156,50.63100051879883,50.71900177001953,10200
2020-06-18,33.0510139465332,50.69200134277344,50.810001373291016,50.61899948120117,50.75,6200
2020-06-19,33.026893615722656,50.654998779296875,50.95000076293945,50.59000015258789,50.810001373291016,5000
2020-06-22,33.1220588684082,50.80099868774414,50.869998931884766,50.619998931884766,50.810001373291016,10400
2020-06-23,33.126625061035156,50.80799865722656,50.97999954223633,50.80799865722656,50.97999954223633,800
2020-06-24,32.78172302246094,50.27899932861328,50.29999923706055,50.25899887084961,50.29999923706055,1700
2020-06-25,32.826717376708984,50.347999572753906,50.40999984741211,50.04899978637695,50.04899978637695,4100
2020-06-26,32.407493591308594,49.70500183105469,50.33000183105469,49.56999969482422,50.33000183105469,7100
2020-06-29,32.713279724121094,50.17399978637695,50.209999084472656,49.790000915527344,49.790000915527344,9900
2020-06-30,33.21009063720703,50.93600082397461,50.93600082397461,50.369998931884766,50.369998931884766,18400
2020-07-01,33.40628433227539,50.7400016784668,50.81999969482422,50.54899978637695,50.650001525878906,11100
2020-07-02,33.470149993896484,50.83700180053711,51.369998931884766,50.83700180053711,51.369998931884766,3000
2020-07-06,33.82766342163086,51.380001068115234,51.709999084472656,51.22999954223633,51.709999084472656,119800
2020-07-07,33.66964340209961,51.13999938964844,51.34000015258789,51.0629997253418,51.290000915527344,26900
2020-07-08,33.703895568847656,51.19200134277344,51.33000183105469,50.95000076293945,51.279998779296875,27000
2020-07-09,33.53071594238281,50.92900085449219,51.400001525878906,50.52000045776367,51.400001525878906,36600
2020-07-10,33.74996566772461,51.262001037597656,51.310001373291016,50.83000183105469,51.0,22500
2020-07-13,33.71244430541992,51.20500183105469,51.849998474121094,51.150001525878906,51.40999984741211,22000
2020-07-14,34.020565032958984,51.67300033569336,51.689998626708984,51.040000915527344,51.06999969482422,23600
2020-07-15,34.16935729980469,51.89899826049805,52.40999984741211,51.849998474121094,52.40999984741211,27600
2020-07-16,34.268768310546875,52.04999923706055,52.04999923706055,51.869998931884766,51.904998779296875,26200
2020-07-17,34.489990234375,52.38600158691406,52.43000030517578,52.165000915527344,52.29999923706055,13100
2020-07-20,34.51894760131836,52.43000030517578,52.529998779296875,52.31999969482422,52.529998779296875,32000
2020-07-21,34.61574172973633,52.57699966430664,55.66600036621094,52.400001525878906,54.45000076293945,302400
2020-07-22,34.79546356201172,52.849998474121094,52.900001525878906,52.619998931884766,52.70000076293945,11300
2020-07-23,34.77440643310547,52.81800079345703,53.15999984741211,52.66999816894531,52.9900016784668,71300
2020-07-24,34.732933044433594,52.755001068115234,52.94900131225586,52.560001373291016,52.810001373291016,56200
2020-07-27,34.841575622558594,52.91999816894531,52.95000076293945,52.82500076293945,52.90999984741211,33000
2020-07-28,34.89554214477539,53.00199890136719,53.22999954223633,52.95000076293945,53.099998474121094,55400
2020-07-29,35.05752182006836,53.24800109863281,53.400001525878906,53.0,53.27000045776367,121800
2020-07-30,34.97323989868164,53.119998931884766,53.21900177001953,52.93000030517578,52.97999954223633,37700
2020-07-31,35.039066314697266,53.220001220703125,53.220001220703125,52.70199966430664,53.119998931884766,38700
2020-08-03,35.14500045776367,53.09000015258789,53.25,52.970001220703125,53.25,44400
2020-08-04,35.164852142333984,53.119998931884766,53.130001068115234,52.97999954223633,53.02000045776367,42000
2020-08-05,35.171451568603516,53.130001068115234,53.22999954223633,53.02000045776367,53.02000045776367,52000
2020-08-06,35.231056213378906,53.220001220703125,53.220001220703125,53.0,53.0,24400
2020-08-07,35.40449905395508,53.481998443603516,53.4900016784668,53.1150016784668,53.22999954223633,18900
2020-08-10,35.50247573852539,53.630001068115234,53.72999954223633,53.50899887084961,53.72999954223633,51000
2020-08-11,35.34359359741211,53.38999938964844,53.61899948120117,53.29999923706055,53.61899948120117,43400
2020-08-12,35.535560607910156,53.68000030517578,53.75,53.529998779296875,53.529998779296875,33000
2020-08-13,35.52231979370117,53.65999984741211,53.720001220703125,53.529998779296875,53.68000030517578,12700
2020-08-14,35.581905364990234,53.75,53.84000015258789,53.70000076293945,53.790000915527344,11300
2020-08-17,35.74079513549805,53.9900016784668,54.040000915527344,53.75,53.939998626708984,21300
2020-08-18,35.7010612487793,53.93000030517578,54.119998931884766,53.91999816894531,54.119998931884766,50500
2020-08-19,35.62825012207031,53.81999969482422,54.00699996948242,53.81999969482422,53.981998443603516,32000
2020-08-20,35.62492752075195,53.814998626708984,53.869998931884766,53.654998779296875,53.810001373291016,12800
2020-08-21,35.667964935302734,53.880001068115234,53.900001525878906,53.72999954223633,53.83000183105469,12300
2020-08-24,35.80699157714844,54.09000015258789,54.09000015258789,53.93000030517578,53.93000030517578,28000
2020-08-25,35.78712463378906,54.060001373291016,54.15999984741211,53.95000076293945,54.06999969482422,28000
2020-08-26,35.85334014892578,54.15999984741211,54.209999084472656,54.0,54.06999969482422,20600
2020-08-27,35.8135986328125,54.099998474121094,54.249000549316406,54.02000045776367,54.08000183105469,21100
2020-08-28,35.76726150512695,54.029998779296875,54.040000915527344,53.900001525878906,54.0099983215332,36300
2020-08-31,35.87318420410156,54.189998626708984,54.20000076293945,54.040000915527344,54.15299987792969,27800
2020-09-01,35.70094680786133,53.479000091552734,53.75,53.39500045776367,53.75,23100
2020-09-02,36.02204132080078,53.959999084472656,53.970001220703125,53.470001220703125,53.47999954223633,58600
2020-09-03,35.793739318847656,53.61800003051758,53.91999816894531,53.51499938964844,53.75899887084961,27800
2020-09-04,35.3477897644043,52.95000076293945,53.5,52.63999938964844,53.5,60200
2020-09-08,35.16756057739258,52.68000030517578,53.029998779296875,52.66999816894531,52.81999969482422,29800
2020-09-09,35.64820861816406,53.400001525878906,53.66899871826172,53.10200119018555,53.209999084472656,12800
2020-09-10,35.30106735229492,52.880001068115234,53.52000045776367,52.810001373291016,53.41999816894531,7200
2020-09-11,35.3477897644043,52.95000076293945,53.064998626708984,52.650001525878906,53.040000915527344,40900
2020-09-14,35.7149658203125,53.5,53.638999938964844,53.150001525878906,53.38999938964844,59400
2020-09-15,35.83513259887695,53.68000030517578,53.87900161743164,53.58000183105469,53.7400016784668,30700
2020-09-16,35.775054931640625,53.59000015258789,53.9900016784668,53.59000015258789,53.900001525878906,58200
2020-09-17,35.528053283691406,53.220001220703125,53.45000076293945,52.90999984741211,53.150001525878906,65400
2020-09-18,35.354488372802734,52.959999084472656,53.33000183105469,52.69900131225586,53.290000915527344,36600
2020-09-21,35.000667572021484,52.43000030517578,52.63999938964844,51.792999267578125,52.63999938964844,54900
2020-09-22,35.294410705566406,52.869998931884766,52.900001525878906,52.40999984741211,52.58000183105469,30000
2020-09-23,34.733646392822266,52.029998779296875,53.029998779296875,51.97999954223633,52.959999084472656,25200
2020-09-24,34.76036071777344,52.06999969482422,52.44900131225586,51.54999923706055,51.54999923706055,28400
2020-09-25,35.18758773803711,52.709999084472656,52.709999084472656,51.91400146484375,51.959999084472656,10900
2020-09-28,35.60148239135742,53.33000183105469,53.52000045776367,53.150001525878906,53.470001220703125,18700
2020-09-29,35.43458938598633,53.08000183105469,53.41899871826172,53.040000915527344,53.33000183105469,44700
2020-09-30,35.60148239135742,53.33000183105469,53.58000183105469,53.060001373291016,53.060001373291016,19700
2020-10-01,35.59341049194336,52.882999420166016,53.119998931884766,52.75899887084961,53.119998931884766,16400
2020-10-02,35.51734924316406,52.77000045776367,52.95000076293945,52.18000030517578,52.18000030517578,17800
2020-10-05,35.88079833984375,53.310001373291016,53.400001525878906,52.970001220703125,53.220001220703125,14700
2020-10-06,35.61830520629883,52.91999816894531,53.54899978637695,52.869998931884766,53.470001220703125,46500
2020-10-07,36.03896713256836,53.54499816894531,53.630001068115234,53.290000915527344,53.290000915527344,17700
2020-10-08,36.237518310546875,53.84000015258789,53.880001068115234,53.66999816894531,53.880001068115234,20400
2020-10-09,36.43539810180664,54.13399887084961,54.29999923706055,54.02899932861328,54.29999923706055,16300
2020-10-12,36.61040115356445,54.39400100708008,54.51900100708008,54.22999954223633,54.29999923706055,77500
2020-10-13,36.520206451416016,54.2599983215332,54.388999938964844,54.099998474121094,54.369998931884766,19100
2020-10-14,36.50674819946289,54.2400016784668,54.45000076293945,54.150001525878906,54.150001525878906,20800
2020-10-15,36.431365966796875,54.12799835205078,54.189998626708984,53.869998931884766,54.058998107910156,17400
2020-10-16,36.53635787963867,54.284000396728516,54.470001220703125,54.284000396728516,54.310001373291016,44300
2020-10-19,36.257713317871094,53.869998931884766,54.46900177001953,53.83000183105469,54.46900177001953,33600
2020-10-20,36.31157302856445,53.95000076293945,54.290000915527344,53.861000061035156,54.290000915527344,26400
2020-10-21,36.136566162109375,53.689998626708984,54.0989990234375,53.689998626708984,54.0989990234375,11100
2020-10-22,36.237518310546875,53.84000015258789,53.90999984741211,53.5,53.5,68400
2020-10-23,36.333763122558594,53.983001708984375,54.060001373291016,53.82500076293945,54.040000915527344,21700
2020-10-26,36.1029167175293,53.63999938964844,53.900001525878906,53.40999984741211,53.720001220703125,51700
2020-10-27,35.86061477661133,53.279998779296875,53.650001525878906,53.279998779296875,53.59000015258789,20900
2020-10-28,35.2077522277832,52.310001373291016,52.87799835205078,52.29999923706055,52.54999923706055,43600
2020-10-29,35.30196762084961,52.45000076293945,52.7400016784668,51.77000045776367,52.0,48700
2020-10-30,35.0926513671875,52.138999938964844,52.349998474121094,51.70000076293945,52.130001068115234,19700
2020-11-02,35.55897903442383,52.310001373291016,52.55799865722656,52.0,52.43000030517578,13000
2020-11-03,36.1027946472168,53.11000061035156,53.5,52.86000061035156,53.0,35400
2020-11-04,36.61262130737305,53.86000061035156,54.5,53.75,53.75,139000
2020-11-05,37.005531311035156,54.4379997253418,54.83000183105469,54.33000183105469,54.83000183105469,22600
2020-11-06,37.01776885986328,54.45600128173828,54.650001525878906,54.380001068115234,54.380001068115234,24300
2020-11-09,37.095272064208984,54.56999969482422,55.88999938964844,54.56999969482422,55.04999923706055,24400
2020-11-10,37.2991943359375,54.869998931884766,54.970001220703125,54.40999984741211,54.65999984741211,125200
2020-11-11,37.45552444458008,55.099998474121094,55.31999969482422,54.95000076293945,55.31999969482422,32300
2020-11-12,37.320953369140625,54.902000427246094,55.119998931884766,54.75600051879883,55.099998474121094,26900
2020-11-13,37.632286071777344,55.36000061035156,55.40999984741211,55.04999923706055,55.2400016784668,14700
2020-11-16,37.707069396972656,55.470001220703125,55.91999816894531,55.31999969482422,55.91999816894531,126500
2020-11-17,37.62141799926758,55.34400177001953,55.5,55.16999816894531,55.5,32900
2020-11-18,37.503135681152344,55.16999816894531,55.630001068115234,55.15999984741211,55.630001068115234,37700
2020-11-19,37.571109771728516,55.27000045776367,55.290000915527344,55.040000915527344,55.290000915527344,31000
2020-11-20,37.48954391479492,55.150001525878906,55.3390007019043,55.09000015258789,55.314998626708984,32900
2020-11-23,37.571109771728516,55.27000045776367,55.52000045776367,55.099998474121094,55.52000045776367,35100
2020-11-24,37.734256744384766,55.5099983215332,55.56999969482422,55.35100173950195,55.40999984741211,97400
2020-11-25,37.6254997253418,55.349998474121094,55.560001373291016,55.31999969482422,55.560001373291016,24500
2020-11-27,37.734256744384766,55.5099983215332,55.66999816894531,55.3849983215332,55.66999816894531,37800
2020-11-30,37.63909149169922,55.369998931884766,55.650001525878906,55.189998626708984,55.650001525878906,96200
2020-12-01,37.810585021972656,55.119998931884766,55.290000915527344,55.060001373291016,55.290000915527344,65800
2020-12-02,37.697391510009766,54.95500183105469,55.08000183105469,54.816001892089844,55.0099983215332,98600
2020-12-03,37.55744934082031,54.750999450683594,55.04999923706055,54.75,55.04999923706055,41400
2020-12-04,37.73512268066406,55.0099983215332,55.0099983215332,54.59000015258789,54.75,78700
2020-12-07,37.66652297973633,54.90999984741211,55.06999969482422,54.810001373291016,54.84000015258789,52700
2020-12-08,37.77628707885742,55.06999969482422,55.130001068115234,54.86000061035156,55.040000915527344,58600
2020-12-09,37.74198532104492,55.02000045776367,55.2599983215332,54.867000579833984,55.2599983215332,31200
2020-12-10,37.59107208251953,54.79999923706055,55.04999923706055,54.72999954223633,55.04999923706055,25500
2020-12-11,37.62535858154297,54.849998474121094,54.90999984741211,54.66999816894531,54.81999969482422,22800
2020-12-14,37.6322135925293,54.86000061035156,55.43000030517578,54.86000061035156,55.43000030517578,47000
2020-12-15,37.9477653503418,55.31999969482422,55.400001525878906,55.0099983215332,55.0099983215332,26500
2020-12-16,37.9409065246582,55.310001373291016,55.52000045776367,55.209999084472656,55.459999084472656,22200
2020-12-17,38.180999755859375,55.65999984741211,55.7400016784668,55.540000915527344,55.689998626708984,24700
2020-12-18,38.24274826049805,55.75,55.790000915527344,55.42100143432617,55.779998779296875,73700
2020-12-21,38.078094482421875,55.5099983215332,55.56999969482422,55.04999923706055,55.33000183105469,35700
2020-12-22,37.9477653503418,55.31999969482422,55.599998474121094,55.25,55.599998474121094,27700
2020-12-23,37.98893356323242,55.380001068115234,55.665000915527344,55.380001068115234,55.40999984741211,49100
2020-12-24,38.14189529418945,55.60300064086914,55.60300064086914,55.400001525878906,55.58000183105469,10500
2020-12-28,38.32504653930664,55.869998931884766,56.11000061035156,55.834999084472656,56.11000061035156,34100
2020-12-29,38.35249328613281,55.90999984741211,56.13999938964844,55.77299880981445,56.09000015258789,39000
2020-12-30,38.34070587158203,55.349998474121094,55.58000183105469,55.310001373291016,55.58000183105469,57600
2020-12-31,38.6177978515625,55.75,55.75,55.290000915527344,55.4900016784668,33000
2021-01-04,38.19525146484375,55.13999938964844,55.7400016784668,54.869998931884766,55.7400016784668,66000
2021-01-05,38.243751525878906,55.209999084472656,55.27899932861328,54.900001525878906,55.25,53900
2021-01-06,38.45848083496094,55.52000045776367,55.77000045776367,55.099998474121094,55.29999923706055,78100
2021-01-07,38.52842712402344,55.62099838256836,55.77000045776367,55.4900016784668,55.77000045776367,98200
2021-01-08,38.63166046142578,55.77000045776367,55.81999969482422,55.58000183105469,55.650001525878906,44000
2021-01-11,38.63166046142578,55.77000045776367,55.91899871826172,55.56999969482422,55.56999969482422,33300
2021-01-12,38.549903869628906,55.652000427246094,55.71500015258789,55.5,55.654998779296875,91800
2021-01-13,38.67320251464844,55.83000183105469,55.91899871826172,55.68899917602539,55.849998474121094,68600
2021-01-14,38.54852294921875,55.650001525878906,56.0,55.64500045776367,56.0,34800
2021-01-15,38.6177978515625,55.75,55.81999969482422,55.5,55.66999816894531,43200
2021-01-19,38.721702575683594,55.900001525878906,56.0099983215332,55.849998474121094,55.9900016784668,64100
2021-01-20,39.06113052368164,56.38999938964844,56.404998779296875,56.08000183105469,56.189998626708984,47600
2021-01-21,38.908721923828125,56.16999816894531,56.439998626708984,56.16999816894531,56.439998626708984,50500
2021-01-22,38.91566467285156,56.18000030517578,56.29499816894531,56.06999969482422,56.279998779296875,66000
2021-01-25,39.10960388183594,56.459999084472656,56.61000061035156,56.189998626708984,56.31999969482422,1188600
2021-01-26,39.074974060058594,56.40999984741211,56.75,56.34000015258789,56.75,708600
2021-01-27,38.40998840332031,55.45000076293945,56.349998474121094,55.29999923706055,56.349998474121094,505800
2021-01-28,38.54852294921875,55.650001525878906,56.060001373291016,55.5,55.709999084472656,631600
2021-01-29,38.00129699707031,54.86000061035156,55.61000061035156,54.66999816894531,55.61000061035156,320500
2021-02-01,38.330528259277344,55.06999969482422,55.25,54.709999084472656,55.20000076293945,182500
2021-02-02,38.73420333862305,55.650001525878906,55.939998626708984,55.36800003051758,55.61000061035156,187300
2021-02-03,38.61589431762695,55.47999954223633,55.880001068115234,55.367000579833984,55.880001068115234,232900
2021-02-04,38.8873405456543,55.869998931884766,55.93000030517578,55.5099983215332,55.5099983215332,161700
2021-02-05,38.97783279418945,56.0,56.16999816894531,55.97999954223633,56.13999938964844,186500
2021-02-08,38.96390914916992,55.97999954223633,56.25,55.939998626708984,56.25,183100
2021-02-09,39.047428131103516,56.099998474121094,56.150001525878906,55.974998474121094,56.130001068115234,169900
2021-02-10,39.026554107666016,56.06999969482422,56.25,55.95000076293945,56.25,125300
2021-02-11,38.99869918823242,56.029998779296875,56.189998626708984,55.900001525878906,56.189998626708984,159900
2021-02-12,39.01262283325195,56.04999923706055,56.06999969482422,55.900001525878906,56.029998779296875,99300
2021-02-16,38.9221305847168,55.91999816894531,56.17499923706055,55.90999984741211,56.099998474121094,155700
2021-02-17,39.068321228027344,56.130001068115234,56.130001068115234,55.82500076293945,55.95000076293945,110600
2021-02-18,39.11703872680664,56.20000076293945,56.25,55.917999267578125,56.06999969482422,218000
2021-02-19,38.92912292480469,55.93000030517578,56.4900016784668,55.900001525878906,56.4900016784668,161100
2021-02-22,38.83861541748047,55.79999923706055,55.86000061035156,55.63999938964844,55.849998474121094,142300
2021-02-23,38.87342071533203,55.849998474121094,55.9900016784668,55.4900016784668,55.7400016784668,183400
2021-02-24,39.026554107666016,56.06999969482422,56.16999816894531,55.650001525878906,56.04999923706055,147000
2021-02-25,38.622859954833984,55.4900016784668,56.11000061035156,55.400001525878906,55.900001525878906,222600
2021-02-26,38.26091003417969,54.970001220703125,55.79999923706055,54.959999084472656,55.79999923706055,1460500
2021-03-01,38.89032745361328,55.54800033569336,55.84000015258789,55.323001861572266,55.38999938964844,221300
2021-03-02,38.85672378540039,55.5,55.790000915527344,55.380001068115234,55.7599983215332,1939800
2021-03-03,38.49964904785156,54.9900016784668,55.599998474121094,54.90999984741211,55.599998474121094,182200
2021-03-04,38.11458206176758,54.439998626708984,55.209999084472656,53.959999084472656,54.900001525878906,246700
2021-03-05,38.821712493896484,55.45000076293945,55.58000183105469,54.314998626708984,54.90999984741211,162900
2021-03-08,38.982730865478516,55.68000030517578,56.310001373291016,55.45000076293945,55.65999984741211,339900
2021-03-09,39.2487907409668,56.060001373291016,56.400001525878906,56.0,56.189998626708984,186900
2021-03-10,39.52183151245117,56.45000076293945,56.63999938964844,56.11000061035156,56.380001068115234,1115200
2021-03-11,39.661865234375,56.650001525878906,56.88999938964844,56.54600143432617,56.88999938964844,285200
2021-03-12,39.78787612915039,56.83000183105469,56.86000061035156,56.54999923706055,56.86000061035156,189200
2021-03-15,39.95591354370117,57.06999969482422,57.099998474121094,56.72999954223633,56.970001220703125,172000
2021-03-16,40.025909423828125,57.16999816894531,57.27000045776367,57.06999969482422,57.27000045776367,1059000
2021-03-17,39.90689468383789,57.0,57.2599983215332,56.89699935913086,57.13999938964844,162000
2021-03-18,39.752864837646484,56.779998779296875,57.0099983215332,56.58000183105469,56.58000183105469,125400
2021-03-19,39.65486145019531,56.63999938964844,57.029998779296875,56.560001373291016,57.029998779296875,941900
2021-03-22,39.96289825439453,57.08000183105469,57.15999984741211,56.5,56.5,151900
2021-03-23,39.983924865722656,57.11000061035156,57.380001068115234,57.03499984741211,57.220001220703125,211800
2021-03-24,40.025909423828125,57.16999816894531,57.47999954223633,57.15999984741211,57.40999984741211,291500
2021-03-25,40.18694305419922,57.400001525878906,57.45800018310547,56.90999984741211,57.22999954223633,253700
2021-03-26,40.7120361328125,58.150001525878906,58.189998626708984,57.40999984741211,57.560001373291016,192900
2021-03-29,40.83107376098633,58.31999969482422,58.38999938964844,57.79999923706055,57.90999984741211,226700
2021-03-30,40.66304016113281,58.08000183105469,58.34000015258789,57.97999954223633,58.34000015258789,202000
2021-03-31,40.69102478027344,58.119998931884766,58.22999954223633,57.90999984741211,58.060001373291016,224900
2021-04-01,40.77414321899414,57.88999938964844,58.02000045776367,57.599998474121094,58.02000045776367,272200
2021-04-05,41.02067184448242,58.2400016784668,58.36000061035156,58.0099983215332,58.09000015258789,567400
2021-04-06,40.93614196777344,58.119998931884766,58.310001373291016,58.0,58.310001373291016,299200
2021-04-07,40.84458541870117,57.9900016784668,58.220001220703125,57.900001525878906,58.13999938964844,291500
2021-04-08,40.90092468261719,58.06999969482422,58.14799880981445,58.0,58.13999938964844,299300
2021-04-09,40.96432113647461,58.15999984741211,58.18000030517578,58.02000045776367,58.119998931884766,283600
2021-04-12,40.992496490478516,58.20000076293945,58.25,58.119998931884766,58.20000076293945,222900
2021-04-13,41.027706146240234,58.25,58.28099822998047,58.125,58.279998779296875,221300
2021-04-14,41.01362991333008,58.22999954223633,58.29999923706055,58.04999923706055,58.29999923706055,547200
2021-04-15,41.28126907348633,58.61000061035156,58.61000061035156,58.20000076293945,58.22999954223633,244400
2021-04-16,41.429176330566406,58.81999969482422,58.900001525878906,58.689998626708984,58.7599983215332,221600
2021-04-19,41.43622589111328,58.83000183105469,58.9900016784668,58.709999084472656,58.9900016784668,585000
2021-04-20,41.548912048339844,58.9900016784668,59.027000427246094,58.80799865722656,58.86000061035156,420600
2021-04-21,41.61935043334961,59.09000015258789,59.189998626708984,59.03799819946289,59.189998626708984,451000
2021-04-22,41.541866302490234,58.97999954223633,59.189998626708984,58.849998474121094,59.189998626708984,445100
2021-04-23,41.64048385620117,59.119998931884766,59.220001220703125,58.95000076293945,59.13999938964844,362800
2021-04-26,41.401023864746094,58.779998779296875,59.20000076293945,58.720001220703125,59.20000076293945,488700
2021-04-27,41.563011169433594,59.0099983215332,59.06999969482422,58.779998779296875,58.779998779296875,218000
2021-04-28,41.53483200073242,58.970001220703125,59.150001525878906,58.900001525878906,59.130001068115234,278900
2021-04-29,41.76021957397461,59.290000915527344,59.34000015258789,59.0,59.0,337500
2021-04-30,41.74614334106445,59.27000045776367,59.380001068115234,59.13999938964844,59.380001068115234,289900
2021-05-03,42.02540969848633,59.290000915527344,59.369998931884766,59.13999938964844,59.27000045776367,290200
2021-05-04,42.046669006347656,59.31999969482422,59.33000183105469,59.09000015258789,59.25,268400
2021-05-05,42.03248596191406,59.29999923706055,59.47999954223633,59.20000076293945,59.47999954223633,309600
2021-05-06,42.223876953125,59.56999969482422,59.720001220703125,59.36000061035156,59.439998626708984,1195200
2021-05-07,42.46487808227539,59.90999984741211,59.95000076293945,59.68000030517578,59.83000183105469,418100
2021-05-10,42.5499267578125,60.029998779296875,60.290000915527344,59.95000076293945,60.09000015258789,366700
2021-05-11,42.25221252441406,59.61000061035156,59.862998962402344,59.400001525878906,59.81999969482422,490200
2021-05-12,41.628456115722656,58.72999954223633,59.4900016784668,58.70000076293945,59.4900016784668,1524000
2021-05-13,42.06084442138672,59.34000015258789,59.5,58.790000915527344,58.849998474121094,1345600
2021-05-14,42.48612594604492,59.939998626708984,60.04499816894531,59.547000885009766,59.709999084472656,1289700
2021-05-17,42.42233657836914,59.849998474121094,60.071998596191406,59.689998626708984,59.91999816894531,359200
2021-05-18,42.138816833496094,59.45000076293945,60.04999923706055,59.45000076293945,60.04999923706055,474200
2021-05-19,42.01831817626953,59.279998779296875,59.279998779296875,58.70000076293945,59.18000030517578,340400
2021-05-20,42.316009521484375,59.70000076293945,59.849998474121094,59.279998779296875,59.279998779296875,335100
2021-05-21,42.316009521484375,59.70000076293945,60.029998779296875,59.58000183105469,59.900001525878906,223600
2021-05-24,42.514488220214844,59.97999954223633,60.119998931884766,59.90999984741211,60.06999969482422,446800
2021-05-25,42.429412841796875,59.86000061035156,60.189998626708984,59.80500030517578,60.189998626708984,292300
2021-05-26,42.46487808227539,59.90999984741211,60.02000045776367,59.79999923706055,60.02000045776367,362800
2021-05-27,42.37980651855469,59.790000915527344,60.04999923706055,59.779998779296875,60.04999923706055,469400
2021-05-28,42.47904968261719,59.93000030517578,60.09000015258789,59.90999984741211,60.04999923706055,310800
2021-06-01,42.253875732421875,59.29999923706055,59.88999938964844,59.18000030517578,59.88999938964844,529200
2021-06-02,42.48189163208008,59.619998931884766,59.70000076293945,59.40999984741211,59.41999816894531,331800
2021-06-03,42.55314636230469,59.720001220703125,59.7599983215332,59.29999923706055,59.31999969482422,290700
2021-06-04,42.70279312133789,59.93000030517578,59.939998626708984,59.68000030517578,59.68000030517578,279000
2021-06-07,42.64576721191406,59.849998474121094,60.02000045776367,59.790000915527344,60.02000045776367,799300
2021-06-08,42.61726760864258,59.810001373291016,59.97999954223633,59.63999938964844,59.970001220703125,509200
2021-06-09,42.61012649536133,59.79999923706055,59.939998626708984,59.75,59.75,424800
2021-06-10,42.731292724609375,59.970001220703125,60.040000915527344,59.810001373291016,59.95000076293945,468800
2021-06-11,42.79541778564453,60.060001373291016,60.099998474121094,59.86000061035156,60.040000915527344,320800
2021-06-14,42.83103561401367,60.11000061035156,60.150001525878906,59.89799880981445,60.150001525878906,377500
2021-06-15,42.859535217285156,60.150001525878906,60.2400016784668,60.0099983215332,60.060001373291016,331500
2021-06-16,42.6600227355957,59.869998931884766,60.24700164794922,59.7599983215332,60.099998474121094,421400
2021-06-17,42.631526947021484,59.83000183105469,60.09400177001953,59.61000061035156,60.0,433200
2021-06-18,42.296634674072266,59.36000061035156,59.7400016784668,59.33000183105469,59.689998626708984,441500
2021-06-21,42.74554443359375,59.9900016784668,60.0099983215332,59.43000030517578,59.5,487700
2021-06-22,42.838165283203125,60.119998931884766,60.22999954223633,59.939998626708984,60.060001373291016,432800
2021-06-23,42.70279312133789,59.93000030517578,60.119998931884766,59.93000030517578,60.11000061035156,379300
2021-06-24,42.92366409301758,60.2400016784668,60.27000045776367,60.099998474121094,60.20000076293945,474900
2021-06-25,43.16593551635742,60.58000183105469,60.58000183105469,60.279998779296875,60.290000915527344,402600
2021-06-28,43.15882873535156,60.56999969482422,60.720001220703125,60.4900016784668,60.720001220703125,457600
2021-06-29,43.16593551635742,60.58000183105469,60.7400016784668,60.560001373291016,60.7400016784668,451400
2021-06-30,43.15882873535156,60.56999969482422,60.65999984741211,60.5,60.65999984741211,480100
2021-07-01,43.356040954589844,60.45000076293945,60.4900016784668,60.220001220703125,60.349998474121094,383400
2021-07-02,43.463623046875,60.599998474121094,60.630001068115234,60.43000030517578,60.560001373291016,292800
2021-07-06,43.485145568847656,60.630001068115234,60.650001525878906,60.31999969482422,60.650001525878906,408500
2021-07-07,43.700313568115234,60.93000030517578,60.970001220703125,60.58000183105469,60.70000076293945,549300
2021-07-08,43.59989547729492,60.790000915527344,60.86000061035156,60.599998474121094,60.75,3668700
2021-07-09,43.67161560058594,60.88999938964844,60.95000076293945,60.79999923706055,60.95000076293945,969200
2021-07-12,43.707481384277344,60.939998626708984,60.970001220703125,60.79999923706055,60.95000076293945,517500
2021-07-13,43.67879104614258,60.900001525878906,61.040000915527344,60.845001220703125,61.040000915527344,468800
2021-07-14,43.793548583984375,61.060001373291016,61.11000061035156,60.880001068115234,61.0099983215332,452300
2021-07-15,43.90830612182617,61.220001220703125,61.2400016784668,60.900001525878906,61.0,521300
2021-07-16,43.93699264526367,61.2599983215332,61.400001525878906,61.220001220703125,61.400001525878906,514100
2021-07-19,43.571205139160156,60.75,61.0,60.44200134277344,60.95000076293945,916400
2021-07-20,43.88679885864258,61.189998626708984,61.27000045776367,60.7400016784668,60.849998474121094,593700
2021-07-21,43.89396667480469,61.20000076293945,61.290000915527344,61.130001068115234,61.189998626708984,1187800
2021-07-22,43.94416046142578,61.27000045776367,61.400001525878906,61.029998779296875,61.349998474121094,431200
2021-07-23,44.26692581176758,61.720001220703125,61.77000045776367,61.349998474121094,61.400001525878906,1379300
2021-07-26,44.20235824584961,61.630001068115234,61.75,61.400001525878906,61.75,967300
2021-07-27,44.26692581176758,61.720001220703125,61.7400016784668,61.29999923706055,61.68000030517578,813600
2021-07-28,44.101966857910156,61.4900016784668,61.81999969482422,61.40999984741211,61.81999969482422,937900
2021-07-29,44.20954895019531,61.63999938964844,61.72999954223633,61.595001220703125,61.70000076293945,742500
2021-07-30,44.26692581176758,61.720001220703125,61.83000183105469,61.599998474121094,61.61000061035156,816700
2021-08-02,44.2431526184082,61.43000030517578,61.720001220703125,61.369998931884766,61.720001220703125,630000
2021-08-03,44.46642303466797,61.7400016784668,61.75,61.45000076293945,61.619998931884766,667500
2021-08-04,44.29357147216797,61.5,61.7400016784668,61.41999816894531,61.720001220703125,630300
2021-08-05,44.4160041809082,61.66999816894531,61.75,61.4900016784668,61.75,587700
2021-08-06,44.45922088623047,61.72999954223633,61.78300094604492,61.630001068115234,61.7400016784668,738700
2021-08-09,44.473628997802734,61.75,61.84000015258789,61.70000076293945,61.83000183105469,673000
2021-08-10,44.560035705566406,61.869998931884766,61.900001525878906,61.7400016784668,61.849998474121094,863200
2021-08-11,44.6752815246582,62.029998779296875,62.060001373291016,61.95000076293945,62.0,720300
2021-08-12,44.68248748779297,62.040000915527344,62.09000015258789,61.900001525878906,62.09000015258789,599000
2021-08-13,44.7905158996582,62.189998626708984,62.20000076293945,62.04999923706055,62.11000061035156,505500
2021-08-16,45.05699157714844,62.560001373291016,62.569000244140625,62.11000061035156,62.220001220703125,992600
2021-08-17,45.02098846435547,62.5099983215332,62.52000045776367,62.2400016784668,62.41999816894531,695400
2021-08-18,44.73290252685547,62.11000061035156,62.560001373291016,62.040000915527344,62.47999954223633,961800
2021-08-19,44.826534271240234,62.2400016784668,62.33000183105469,61.7599983215332,61.86000061035156,605300
2021-08-20,45.013790130615234,62.5,62.54999923706055,62.150001525878906,62.25,658900
2021-08-23,45.0713996887207,62.58000183105469,62.76900100708008,62.54999923706055,62.650001525878906,1646700
2021-08-24,44.94176483154297,62.400001525878906,62.66999816894531,62.36000061035156,62.66999816894531,1057500
2021-08-25,44.97777557373047,62.45000076293945,62.5,62.290000915527344,62.5,769600
2021-08-26,44.898555755615234,62.34000015258789,62.540000915527344,62.220001220703125,62.540000915527344,1017000
2021-08-27,44.98497009277344,62.459999084472656,62.5,62.28499984741211,62.41999816894531,1058100
2021-08-30,45.1074104309082,62.630001068115234,62.70000076293945,62.540000915527344,62.58000183105469,1278000
2021-08-31,45.0353889465332,62.529998779296875,62.7400016784668,62.439998626708984,62.70000076293945,1160400
2021-09-01,45.070884704589844,62.2400016784668,62.31999969482422,62.02000045776367,62.31999969482422,1145700
2021-09-02,45.208457946777344,62.43000030517578,62.43000030517578,62.2599983215332,62.40999984741211,904600
2021-09-03,45.16502380371094,62.369998931884766,62.46799850463867,62.209999084472656,62.38999938964844,961400
2021-09-07,44.83915328979492,61.91999816894531,62.36000061035156,61.880001068115234,62.36000061035156,1189600
2021-09-08,45.012943267822266,62.15999984741211,62.15999984741211,61.762001037597656,61.880001068115234,921700
2021-09-09,44.76673126220703,61.81999969482422,62.21500015258789,61.779998779296875,62.119998931884766,852100
2021-09-10,44.600189208984375,61.59000015258789,62.0,61.54999923706055,61.9900016784668,763200
2021-09-13,44.57121658325195,61.54999923706055,61.849998474121094,61.27000045776367,61.689998626708984,673900
2021-09-14,44.31053161621094,61.189998626708984,61.75,61.119998931884766,61.56999969482422,720700
2021-09-15,44.600189208984375,61.59000015258789,61.70000076293945,61.11000061035156,61.20000076293945,655000
2021-09-16,44.54948806762695,61.52000045776367,61.650001525878906,61.20000076293945,61.599998474121094,1573900
2021-09-17,44.28879165649414,61.15999984741211,61.630001068115234,61.099998474121094,61.630001068115234,604100
2021-09-20,43.80362319946289,60.4900016784668,60.70399856567383,59.790000915527344,60.40999984741211,1932100
2021-09-21,43.76741027832031,60.439998626708984,60.915000915527344,60.3849983215332,60.70000076293945,1070300
2021-09-22,43.95569610595703,60.70000076293945,60.959999084472656,60.5099983215332,60.72999954223633,785600
2021-09-23,44.28879165649414,61.15999984741211,61.38999938964844,60.90999984741211,60.97999954223633,705800
2021-09-24,44.29603958129883,61.16999816894531,61.279998779296875,61.029998779296875,61.16999816894531,603500
2021-09-27,44.114986419677734,60.91999816894531,61.220001220703125,60.87799835205078,61.18000030517578,736400
2021-09-28,43.49222946166992,60.060001373291016,60.72999954223633,59.849998474121094,60.72999954223633,1259600
2021-09-29,43.69499588012695,60.34000015258789,60.56800079345703,60.099998474121094,60.29999923706055,619400
2021-09-30,43.1663703918457,59.61000061035156,60.56999969482422,59.59000015258789,60.540000915527344,1021300
2021-10-01,43.510868072509766,59.7400016784668,59.91999816894531,58.93000030517578,59.560001373291016,907100
2021-10-04,43.219547271728516,59.34000015258789,59.790000915527344,58.95000076293945,59.709999084472656,960600
2021-10-05,43.540008544921875,59.779998779296875,60.0099983215332,59.31999969482422,59.400001525878906,638700
2021-10-06,43.722084045410156,60.029998779296875,60.029998779296875,59.29999923706055,59.5,611600
2021-10-07,44.01342010498047,60.43000030517578,60.7599983215332,60.349998474121094,60.5099983215332,667000
2021-10-08,43.91146469116211,60.290000915527344,60.58000183105469,60.209999084472656,60.58000183105469,709300
2021-10-11,43.714805603027344,60.02000045776367,60.5,60.0099983215332,60.36000061035156,519600
2021-10-12,43.67838668823242,59.970001220703125,60.189998626708984,59.849998474121094,60.15999984741211,806300
2021-10-13,43.89689254760742,60.27000045776367,60.38999938964844,59.7599983215332,60.18000030517578,715100
2021-10-14,44.39216232299805,60.95000076293945,61.0,60.529998779296875,60.560001373291016,1114200
2021-10-15,44.596092224121094,61.22999954223633,61.290000915527344,61.05099868774414,61.099998474121094,656600
2021-10-18,44.54511260986328,61.15999984741211,61.2599983215332,60.939998626708984,61.099998474121094,860300
2021-10-19,44.74905014038086,61.439998626708984,61.439998626708984,61.19499969482422,61.369998931884766,819000
2021-10-20,44.938419342041016,61.70000076293945,61.72999954223633,61.439998626708984,61.560001373291016,1690200
2021-10-21,45.011253356933594,61.79999923706055,61.79999923706055,61.54999923706055,61.75,750100
2021-10-22,45.18605422973633,62.040000915527344,62.04999923706055,61.79999923706055,61.83000183105469,675400
2021-10-25,45.19332504272461,62.04999923706055,62.119998931884766,61.810001373291016,62.11000061035156,883000
2021-10-26,45.21519470214844,62.08000183105469,62.16999816894531,61.970001220703125,62.13999938964844,842300
2021-10-27,44.98939895629883,61.77000045776367,62.130001068115234,61.709999084472656,62.130001068115234,1054400
2021-10-28,45.1423454284668,61.97999954223633,61.97999954223633,61.73500061035156,61.79999923706055,1453100
2021-10-29,45.1423454284668,61.97999954223633,62.06999969482422,61.84000015258789,61.970001220703125,1113600
2021-11-01,45.02219772338867,61.45000076293945,61.720001220703125,61.38999938964844,61.70000076293945,888000
2021-11-02,45.132083892822266,61.599998474121094,61.650001525878906,61.45000076293945,61.45000076293945,805400
2021-11-03,45.19802474975586,61.689998626708984,61.689998626708984,61.470001220703125,61.54999923706055,664700
2021-11-04,45.183380126953125,61.66999816894531,61.70000076293945,61.5,61.66999816894531,873200
2021-11-05,45.088138580322266,61.540000915527344,61.68199920654297,61.45000076293945,61.68000030517578,1098700
2021-11-08,44.98555374145508,61.400001525878906,61.63999938964844,61.18000030517578,61.540000915527344,1197100
2021-11-09,45.095462799072266,61.54999923706055,61.54999923706055,61.29999923706055,61.400001525878906,828400
2021-11-10,45.19802474975586,61.689998626708984,61.720001220703125,61.529998779296875,61.529998779296875,730700
2021-11-11,45.183380126953125,61.66999816894531,61.775001525878906,61.58000183105469,61.7599983215332,630000
2021-11-12,45.39585494995117,61.959999084472656,62.0,61.75,61.849998474121094,694000
2021-11-15,45.4251594543457,62.0,62.09000015258789,61.90999984741211,62.029998779296875,809700
2021-11-16,45.46912384033203,62.060001373291016,62.209999084472656,62.0,62.0,1015800
2021-11-17,45.34457015991211,61.88999938964844,62.029998779296875,61.720001220703125,62.0,769200
2021-11-18,45.22734069824219,61.72999954223633,61.97999954223633,61.70000076293945,61.93000030517578,782000
2021-11-19,45.168724060058594,61.650001525878906,61.869998931884766,61.60499954223633,61.869998931884766,737400
2021-11-22,45.19802474975586,61.689998626708984,61.89699935913086,61.599998474121094,61.77000045776367,809900
2021-11-23,45.34457015991211,61.88999938964844,61.93000030517578,61.61000061035156,61.66999816894531,669500
2021-11-24,45.36655044555664,61.91999816894531,61.95000076293945,61.709999084472656,61.90999984741211,561300
2021-11-26,44.95626449584961,61.36000061035156,61.67499923706055,61.18000030517578,61.54999923706055,877600
2021-11-29,45.095462799072266,61.54999923706055,61.75,61.380001068115234,61.529998779296875,1561600
2021-11-30,44.37744140625,60.56999969482422,61.43000030517578,60.459999084472656,61.43000030517578,1864700
2021-12-01,43.99625778198242,59.66999816894531,60.93000030517578,59.65999984741211,60.869998931884766,1622600
2021-12-02,44.59349822998047,60.47999954223633,60.689998626708984,59.70000076293945,59.86000061035156,752100
2021-12-03,44.718833923339844,60.650001525878906,60.86899948120117,60.06999969482422,60.63999938964844,1086500
2021-12-06,45.168609619140625,61.2599983215332,61.375999450683594,60.821998596191406,60.97999954223633,947100
2021-12-07,45.66998291015625,61.939998626708984,61.97999954223633,61.52000045776367,61.58000183105469,668700
2021-12-08,45.59625244140625,61.84000015258789,61.9900016784668,61.58000183105469,61.9900016784668,541300
2021-12-09,45.56675720214844,61.79999923706055,61.95399856567383,61.709999084472656,61.849998474121094,617000
2021-12-10,45.86168670654297,62.20000076293945,62.20000076293945,61.900001525878906,61.9900016784668,644000
2021-12-13,45.979671478271484,62.36000061035156,62.41999816894531,62.04999923706055,62.2599983215332,1324600
2021-12-14,45.71421813964844,62.0,62.25,61.6510009765625,61.939998626708984,2420600
2021-12-15,46.215599060058594,62.68000030517578,62.68000030517578,61.779998779296875,61.779998779296875,2323000
2021-12-16,46.39256286621094,62.91999816894531,63.130001068115234,62.75,62.779998779296875,4422500
2021-12-17,45.898563385009766,62.25,62.88999938964844,62.25,62.83000183105469,1361000
2021-12-20,45.54464340209961,61.77000045776367,61.81999969482422,61.2400016784668,61.77000045776367,1061700
2021-12-21,45.9206657409668,62.279998779296875,62.34600067138672,61.849998474121094,62.20000076293945,779200
2021-12-22,46.14186096191406,62.58000183105469,62.59000015258789,62.15999984741211,62.15999984741211,2011000
2021-12-23,46.3188362121582,62.81999969482422,62.959999084472656,62.62099838256836,62.70000076293945,739800
2021-12-27,46.68748474121094,63.31999969482422,63.31999969482422,62.95000076293945,63.0,899600
2021-12-28,46.709617614746094,63.349998474121094,63.43000030517578,63.16999816894531,63.349998474121094,1666400
2021-12-29,46.90131378173828,63.61000061035156,63.67399978637695,63.380001068115234,63.4900016784668,1287600
2021-12-30,46.841148376464844,63.06999969482422,63.349998474121094,63.029998779296875,63.349998474121094,1034400
2021-12-31,46.9302864074707,63.189998626708984,63.31999969482422,62.9900016784668,63.130001068115234,902300
2022-01-03,46.722328186035156,62.90999984741211,63.29999923706055,62.59000015258789,63.20000076293945,1058000
2022-01-04,46.818885803222656,63.040000915527344,63.15999984741211,62.869998931884766,62.970001220703125,1159700
2022-01-05,46.70747375488281,62.88999938964844,63.38999938964844,62.849998474121094,63.09000015258789,1356000
2022-01-06,46.610931396484375,62.7599983215332,62.97999954223633,62.650001525878906,62.900001525878906,1619500
2022-01-07,46.46238708496094,62.560001373291016,62.720001220703125,62.439998626708984,62.720001220703125,1403600
2022-01-10,46.3658332824707,62.43000030517578,62.46900177001953,61.75,62.31999969482422,1696700
2022-01-11,46.46981430053711,62.56999969482422,62.599998474121094,61.87799835205078,62.5,1331900
2022-01-12,46.58122634887695,62.720001220703125,62.849998474121094,62.59000015258789,62.66999816894531,1724100
2022-01-13,46.373268127441406,62.439998626708984,62.900001525878906,62.31999969482422,62.84000015258789,2509400
2022-01-14,46.187599182128906,62.189998626708984,62.22999954223633,61.70600128173828,62.220001220703125,1964300
2022-01-18,45.63801193237305,61.45000076293945,61.847999572753906,61.31999969482422,61.7400016784668,1973800
2022-01-19,45.430049896240234,61.16999816894531,61.83000183105469,61.13999938964844,61.66999816894531,1784100
2022-01-20,45.08099365234375,60.70000076293945,61.849998474121094,60.61000061035156,61.33000183105469,1614600
2022-01-21,44.61309051513672,60.06999969482422,61.04499816894531,60.0,60.5,2032000
2022-01-24,44.75421142578125,60.2599983215332,60.33000183105469,58.380001068115234,59.599998474121094,3405700
2022-01-25,44.25661849975586,59.59000015258789,60.099998474121094,58.724998474121094,59.540000915527344,2016500
2022-01-26,44.01152420043945,59.2599983215332,60.310001373291016,58.79999923706055,60.060001373291016,1999800
2022-01-27,44.018951416015625,59.27000045776367,60.2400016784668,59.040000915527344,59.689998626708984,1806100
2022-01-28,44.835914611816406,60.369998931884766,60.400001525878906,58.79999923706055,59.33000183105469,1262600
2022-01-31,45.29637145996094,60.9900016784668,60.9900016784668,60.060001373291016,60.29999923706055,1357200
2022-02-01,45.43239212036133,60.790000915527344,60.893001556396484,60.277000427246094,60.75,1543700
2022-02-02,45.94060516357422,61.470001220703125,61.59000015258789,60.86600112915039,60.97999954223633,2077100
2022-02-03,45.529544830322266,60.91999816894531,61.36000061035156,60.849998474121094,61.20000076293945,1906600
2022-02-04,45.31282043457031,60.630001068115234,60.9900016784668,60.15999984741211,60.7599983215332,1789700
2022-02-07,45.14091110229492,60.400001525878906,60.77000045776367,60.310001373291016,60.75,1137600
2022-02-08,45.43239212036133,60.790000915527344,60.86800003051758,60.349998474121094,60.560001373291016,2423300
2022-02-09,45.82101821899414,61.310001373291016,61.37900161743164,61.04999923706055,61.130001068115234,3341800
2022-02-10,45.21565628051758,60.5,61.20000076293945,60.29999923706055,60.959999084472656,1492800
2022-02-11,44.752281188964844,59.880001068115234,60.73899841308594,59.68000030517578,60.5099983215332,2048100
2022-02-14,44.625247955322266,59.709999084472656,59.99800109863281,59.29600143432617,59.790000915527344,966800
2022-02-15,44.95408630371094,60.150001525878906,60.439998626708984,59.92499923706055,60.2599983215332,969000
2022-02-16,45.07366180419922,60.310001373291016,60.459999084472656,59.81999969482422,60.029998779296875,1149400
2022-02-17,44.632720947265625,59.720001220703125,60.189998626708984,59.58000183105469,60.0,1127000
2022-02-18,44.49817657470703,59.540000915527344,59.900001525878906,59.34000015258789,59.68000030517578,988800
2022-02-22,44.13944625854492,59.060001373291016,59.689998626708984,58.790000915527344,59.29999923706055,1069600
2022-02-23,43.593868255615234,58.33000183105469,59.500999450683594,58.29999923706055,59.41999816894531,2957500
2022-02-24,43.8629264831543,58.689998626708984,58.749000549316406,57.08000183105469,57.33000183105469,3438400
2022-02-25,44.864402770996094,60.029998779296875,60.060001373291016,58.880001068115234,59.0,3125400
2022-02-28,44.73733901977539,59.86000061035156,59.939998626708984,59.20800018310547,59.650001525878906,1729100
2022-03-01,44.279415130615234,58.790000915527344,59.44499969482422,58.459999084472656,59.349998474121094,1510900
2022-03-02,44.8292350769043,59.52000045776367,59.7400016784668,58.86000061035156,58.939998626708984,913500
2022-03-03,44.987403869628906,59.72999954223633,60.099998474121094,59.564998626708984,59.86000061035156,1979000
2022-03-04,45.08530044555664,59.86000061035156,59.86000061035156,59.20000076293945,59.560001373291016,2045700
2022-03-07,44.33967208862305,58.869998931884766,59.86000061035156,58.7400016784668,59.650001525878906,1768500
2022-03-08,43.767250061035156,58.11000061035156,59.22800064086914,58.05500030517578,58.79999923706055,1687200
2022-03-09,44.36978530883789,58.90999984741211,59.20000076293945,58.611000061035156,58.88999938964844,1140900
2022-03-10,44.3245964050293,58.849998474121094,59.0359992980957,58.400001525878906,58.5099983215332,2049800
2022-03-11,44.166439056396484,58.63999938964844,59.47999954223633,58.560001373291016,59.43000030517578,1217500
2022-03-14,44.21916198730469,58.709999084472656,59.39099884033203,58.58000183105469,58.900001525878906,1193300
2022-03-15,44.9045524597168,59.619998931884766,59.68000030517578,58.95000076293945,59.0,1360300
2022-03-16,45.281131744384766,60.119998931884766,60.209999084472656,59.310001373291016,60.0,1426800
2022-03-17,45.71797180175781,60.70000076293945,60.70000076293945,60.04999923706055,60.15999984741211,1214400
2022-03-18,45.868614196777344,60.900001525878906,60.95000076293945,60.4640007019043,60.68000030517578,1308300
2022-03-21,45.83849334716797,60.86000061035156,61.141998291015625,60.689998626708984,60.97999954223633,1654900
2022-03-22,45.95900344848633,61.02000045776367,61.14899826049805,60.90599822998047,61.06999969482422,1511200
2022-03-23,45.71045684814453,60.689998626708984,61.0,60.630001068115234,61.0,1574200
2022-03-24,45.95146560668945,61.0099983215332,61.0099983215332,60.75,60.91999816894531,2313700
2022-03-25,46.169891357421875,61.29999923706055,61.29999923706055,61.0,61.189998626708984,1430700
2022-03-28,46.31300354003906,61.4900016784668,61.4900016784668,61.189998626708984,61.31999969482422,1854500
2022-03-29,46.395843505859375,61.599998474121094,61.779998779296875,61.41999816894531,61.779998779296875,2442900
2022-03-30,46.395843505859375,61.599998474121094,61.62699890136719,61.43000030517578,61.56999969482422,2166900
2022-03-31,46.24521255493164,61.400001525878906,61.900001525878906,61.27000045776367,61.689998626708984,2834500
2022-04-01,46.395774841308594,61.0099983215332,61.13999938964844,60.709999084472656,61.0,1874300
2022-04-04,46.274105072021484,60.849998474121094,61.1150016784668,60.689998626708984,61.1150016784668,2005600
2022-04-05,46.350154876708984,60.95000076293945,61.25,60.900001525878906,60.939998626708984,2110100
2022-04-06,46.70758056640625,61.41999816894531,61.45000076293945,60.849998474121094,61.0,1706300
2022-04-07,46.92049789428711,61.70000076293945,61.7599983215332,61.25,61.41999816894531,2823400
2022-04-08,46.99654769897461,61.79999923706055,61.92900085449219,61.5099983215332,61.810001373291016,2122000
2022-04-11,46.64673614501953,61.34000015258789,61.86000061035156,61.2599983215332,61.790000915527344,2682700
2022-04-12,46.479434967041016,61.119998931884766,61.68000030517578,61.040000915527344,61.58000183105469,2587500
2022-04-13,46.76080322265625,61.4900016784668,61.529998779296875,61.060001373291016,61.27000045776367,1990500
2022-04-14,46.623924255371094,61.310001373291016,61.709999084472656,61.27000045776367,61.54999923706055,3309900
2022-04-18,46.5174560546875,61.16999816894531,61.5,60.939998626708984,61.31999969482422,2068200
2022-04-19,46.92049789428711,61.70000076293945,61.79999923706055,61.189998626708984,61.189998626708984,2176700
2022-04-20,47.32353591918945,62.22999954223633,62.38999938964844,61.959999084472656,62.0,1782800
2022-04-21,46.91290283203125,61.689998626708984,62.599998474121094,61.61000061035156,62.5,2698000
2022-04-22,45.795021057128906,60.220001220703125,61.65999984741211,60.15999984741211,61.599998474121094,3103000
2022-04-25,45.962318420410156,60.439998626708984,60.560001373291016,59.310001373291016,60.0099983215332,2748200
2022-04-26,45.072574615478516,59.27000045776367,60.349998474121094,59.25,60.279998779296875,2544000
2022-04-27,45.23228073120117,59.47999954223633,60.04999923706055,59.270999908447266,59.4900016784668,2191100
2022-04-28,45.863460540771484,60.310001373291016,60.4900016784668,59.439998626708984,59.790000915527344,3348100
2022-04-29,44.54785919189453,58.58000183105469,60.04999923706055,58.529998779296875,60.0,3134300
2022-05-02,44.3700065612793,57.880001068115234,58.42599868774414,56.959999084472656,58.189998626708984,2874700
2022-05-03,44.58464813232422,58.15999984741211,58.54499816894531,57.83000183105469,58.099998474121094,1862900
2022-05-04,45.489227294921875,59.34000015258789,59.3849983215332,57.95000076293945,58.18000030517578,2816500
2022-05-05,44.53866195678711,58.099998474121094,59.17900085449219,57.68000030517578,59.119998931884766,2959200
2022-05-06,44.308685302734375,57.79999923706055,58.02000045776367,57.119998931884766,57.779998779296875,3047400
2022-05-09,43.488433837890625,56.72999954223633,57.28200149536133,56.54999923706055,57.189998626708984,3203700
2022-05-10,43.33511734008789,56.529998779296875,57.380001068115234,56.119998931884766,57.25,6093000
2022-05-11,43.12047576904297,56.25,57.24300003051758,56.20000076293945,56.439998626708984,3283600
2022-05-12,43.174129486083984,56.31999969482422,56.47999954223633,55.599998474121094,56.0,2819300
2022-05-13,43.76441192626953,57.09000015258789,57.20000076293945,56.5,56.689998626708984,2136500
2022-05-16,43.910064697265625,57.279998779296875,57.5989990234375,56.900001525878906,57.06999969482422,1738500
2022-05-17,44.32401657104492,57.81999969482422,57.869998931884766,57.369998931884766,57.779998779296875,1906500
2022-05-18,42.928836822509766,56.0,57.5,55.849998474121094,57.459999084472656,3198300
2022-05-19,42.683528900146484,55.68000030517578,56.1609992980957,55.290000915527344,55.599998474121094,2581200
2022-05-20,42.775508880615234,55.79999923706055,56.130001068115234,54.900001525878906,56.11000061035156,2600100
2022-05-23,43.46543502807617,56.70000076293945,56.82500076293945,56.11899948120117,56.290000915527344,2270100
2022-05-24,43.641754150390625,56.93000030517578,57.07500076293945,56.05500030517578,56.439998626708984,1835500
2022-05-25,43.741416931152344,57.060001373291016,57.2400016784668,56.619998931884766,56.90999984741211,1999800
2022-05-26,44.22435760498047,57.689998626708984,57.83100128173828,57.31999969482422,57.31999969482422,1999900
2022-05-27,44.84529495239258,58.5,58.5,57.861000061035156,57.869998931884766,2096700
2022-05-31,44.515663146972656,58.06999969482422,58.43299865722656,57.81999969482422,58.2400016784668,4628800
2022-06-01,44.303741455078125,57.279998779296875,57.790000915527344,56.959999084472656,57.68000030517578,2259200
2022-06-02,44.61310958862305,57.68000030517578,57.755001068115234,56.90999984741211,57.33000183105469,1565900
2022-06-03,44.52803421020508,57.56999969482422,57.73899841308594,57.470001220703125,57.54999923706055,1510700
2022-06-06,44.628597259521484,57.70000076293945,58.0,57.599998474121094,57.90999984741211,1913100
2022-06-07,44.89929962158203,58.04999923706055,58.04999923706055,57.33000183105469,57.33000183105469,1405700
2022-06-08,44.52803421020508,57.56999969482422,57.97999954223633,57.45000076293945,57.97999954223633,1759100
2022-06-09,43.932464599609375,56.79999923706055,57.683998107910156,56.75,57.5,1664800
2022-06-10,43.15127944946289,55.790000915527344,56.25,55.619998931884766,56.25,2520700
2022-06-13,41.8364143371582,54.09000015258789,54.900001525878906,53.849998474121094,54.70000076293945,2898100
2022-06-14,41.58115768432617,53.7599983215332,54.42499923706055,53.29999923706055,54.33000183105469,2455900
2022-06-15,41.82866668701172,54.08000183105469,54.729000091552734,53.380001068115234,54.209999084472656,2114200
2022-06-16,40.88505172729492,52.86000061035156,53.327999114990234,52.61000061035156,53.2599983215332,2424800
2022-06-17,40.92372512817383,52.90999984741211,53.30500030517578,52.540000915527344,53.0099983215332,2727200
2022-06-21,41.85959243774414,54.119998931884766,54.29999923706055,53.54999923706055,53.619998931884766,1686300
2022-06-22,41.998817443847656,54.29999923706055,54.7400016784668,53.560001373291016,53.56999969482422,1884800
2022-06-23,42.45515823364258,54.88999938964844,54.939998626708984,54.31999969482422,54.47999954223633,1728000
2022-06-24,43.406517028808594,56.119998931884766,56.150001525878906,55.13999938964844,55.20000076293945,1694600
2022-06-27,43.46839904785156,56.20000076293945,56.380001068115234,56.02899932861328,56.2599983215332,2084400
2022-06-28,42.89604187011719,55.459999084472656,56.650001525878906,55.400001525878906,56.36000061035156,2178200
2022-06-29,42.95018005371094,55.529998779296875,55.702999114990234,55.29999923706055,55.54999923706055,2061400
2022-06-30,42.8883056640625,55.45000076293945,55.79999923706055,54.9010009765625,55.09000015258789,2568000
2022-07-01,43.41317367553711,55.5,55.58000183105469,54.68000030517578,54.77000045776367,1809800
2022-07-05,43.10810852050781,55.11000061035156,55.15999984741211,54.29999923706055,54.90999984741211,2796300
2022-07-06,43.37406539916992,55.45000076293945,55.75,55.060001373291016,55.25,1804600
2022-07-07,43.52268600463867,55.63999938964844,55.869998931884766,55.45000076293945,55.75,2060900
2022-07-08,43.4366340637207,55.529998779296875,55.84000015258789,55.470001220703125,55.63999938964844,2530700
2022-07-11,43.507041931152344,55.619998931884766,55.779998779296875,55.439998626708984,55.459999084472656,1717600
2022-07-12,43.20198059082031,55.22999954223633,55.689998626708984,55.02000045776367,55.5,2123000
2022-07-13,42.936012268066406,54.88999938964844,55.34000015258789,54.65999984741211,54.79999923706055,3088900
2022-07-14,42.936012268066406,54.88999938964844,54.91999816894531,54.20000076293945,54.66999816894531,2471400
2022-07-15,43.4366340637207,55.529998779296875,55.6349983215332,55.220001220703125,55.220001220703125,2629500
2022-07-18,43.17068099975586,55.189998626708984,56.005001068115234,55.06999969482422,56.0,2782900
2022-07-19,43.71041488647461,55.880001068115234,55.97999954223633,55.470001220703125,55.52000045776367,2361400
2022-07-20,43.62437438964844,55.77000045776367,55.96699905395508,55.58700180053711,55.91999816894531,2338600
2022-07-21,43.8433952331543,56.04999923706055,56.04999923706055,55.630001068115234,55.779998779296875,2081800
2022-07-22,43.960723876953125,56.20000076293945,56.29800033569336,56.02000045776367,56.130001068115234,3578000
2022-07-25,44.20321273803711,56.5099983215332,56.56999969482422,56.23899841308594,56.290000915527344,1953100
2022-07-26,44.195404052734375,56.5,56.56999969482422,56.30099868774414,56.459999084472656,2247900
2022-07-27,44.383121490478516,56.7400016784668,56.849998474121094,56.422000885009766,56.650001525878906,2795200
2022-07-28,44.84463882446289,57.33000183105469,57.38999938964844,56.689998626708984,56.83000183105469,3044200
2022-07-29,44.9228630065918,57.43000030517578,57.4900016784668,57.22999954223633,57.279998779296875,4366400
2022-08-01,44.7611083984375,56.72999954223633,56.81999969482422,56.5,56.720001220703125,2648000
2022-08-02,44.57174301147461,56.4900016784668,56.709999084472656,56.439998626708984,56.540000915527344,2482500
2022-08-03,44.71377182006836,56.66999816894531,56.79999923706055,56.459999084472656,56.58000183105469,3245500
2022-08-04,44.729549407958984,56.689998626708984,56.79399871826172,56.560001373291016,56.63999938964844,2555500
2022-08-05,44.824241638183594,56.810001373291016,56.83000183105469,56.42499923706055,56.47999954223633,2825200
2022-08-08,44.96625900268555,56.9900016784668,57.09600067138672,56.85499954223633,56.93000030517578,2375600
2022-08-09,45.06883239746094,57.119998931884766,57.18000030517578,56.97999954223633,56.9900016784668,2136000
2022-08-10,45.25029754638672,57.349998474121094,57.41999816894531,57.220001220703125,57.34000015258789,5960300
2022-08-11,45.210853576660156,57.29999923706055,57.59000015258789,57.2400016784668,57.5099983215332,3273900
2022-08-12,45.463340759277344,57.619998931884766,57.619998931884766,57.31999969482422,57.400001525878906,8705500
2022-08-15,45.58169174194336,57.77000045776367,57.77000045776367,57.5,57.529998779296875,2430800
2022-08-16,45.629032135009766,57.83000183105469,57.88999938964844,57.650001525878906,57.72999954223633,2865300
2022-08-17,45.53435134887695,57.709999084472656,57.790000915527344,57.560001373291016,57.650001525878906,2691200
2022-08-18,45.629032135009766,57.83000183105469,57.849998474121094,57.68000030517578,57.7599983215332,2376600
2022-08-19,45.59747314453125,57.790000915527344,57.849998474121094,57.650001525878906,57.65999984741211,3008500
2022-08-22,45.28185272216797,57.38999938964844,57.70000076293945,57.36000061035156,57.599998474121094,3659500
2022-08-23,45.1082649230957,57.16999816894531,57.4900016784668,57.060001373291016,57.43000030517578,2641500
2022-08-24,45.16350555419922,57.2400016784668,57.435001373291016,57.15999984741211,57.25,2644300
2022-08-25,45.56591033935547,57.75,57.75,57.2599983215332,57.41999816894531,2536500
2022-08-26,44.674320220947266,56.619998931884766,57.7859992980957,56.5,57.75,3604700
2022-08-29,44.4376106262207,56.31999969482422,56.65999984741211,56.099998474121094,56.2599983215332,4346800
2022-08-30,43.94052505493164,55.689998626708984,56.470001220703125,55.52000045776367,56.45000076293945,3579800
2022-08-31,43.60124588012695,55.2599983215332,55.979000091552734,55.2400016784668,55.84000015258789,2931000
2022-09-01,43.8953742980957,55.06999969482422,55.09000015258789,54.349998474121094,54.5099983215332,3455200
2022-09-02,43.40117645263672,54.45000076293945,55.63999938964844,54.29999923706055,55.400001525878906,2367000
2022-09-06,43.456974029541016,54.52000045776367,54.97999954223633,54.279998779296875,54.619998931884766,2242200
2022-09-07,44.1105842590332,55.34000015258789,55.44499969482422,54.5,54.529998779296875,2926500
2022-09-08,44.36564254760742,55.65999984741211,55.69499969482422,55.04999923706055,55.20000076293945,2200300
2022-09-09,44.7562255859375,56.150001525878906,56.244998931884766,55.779998779296875,55.90999984741211,2329400
2022-09-12,44.98737335205078,56.439998626708984,56.560001373291016,56.279998779296875,56.369998931884766,3119200
2022-09-13,43.57653045654297,54.66999816894531,55.83000183105469,54.66999816894531,55.77000045776367,5235300
2022-09-14,43.735958099365234,54.869998931884766,55.08000183105469,54.553001403808594,55.0,2418200
2022-09-15,43.3852424621582,54.43000030517578,54.90700149536133,54.32099914550781,54.81999969482422,5523100
2022-09-16,43.201904296875,54.20000076293945,54.25,53.86000061035156,54.0,3100600
2022-09-19,43.44900131225586,54.5099983215332,54.52799987792969,53.900001525878906,53.95000076293945,2450400
2022-09-20,43.058433532714844,54.02000045776367,54.310001373291016,53.61399841308594,54.25,2833900
2022-09-21,42.50844192504883,53.33000183105469,54.45000076293945,53.290000915527344,54.16999816894531,3832700
2022-09-22,42.31714630126953,53.09000015258789,53.400001525878906,52.96900177001953,53.31999969482422,3791100
2022-09-23,41.87078094482422,52.529998779296875,52.709999084472656,51.970001220703125,52.584999084472656,5522500
2022-09-26,41.464263916015625,52.02000045776367,52.529998779296875,51.73500061035156,52.36000061035156,4134200
2022-09-27,41.177310943603516,51.65999984741211,52.54999923706055,51.43000030517578,52.41999816894531,3522700
2022-09-28,41.894691467285156,52.560001373291016,52.749000549316406,51.75,51.88999938964844,2749300
2022-09-29,41.33673858642578,51.86000061035156,52.349998474121094,51.52000045776367,52.2599983215332,2849300
2022-09-30,40.83456802368164,51.22999954223633,52.040000915527344,51.15999984741211,51.790000915527344,4065000
2022-10-03,41.80094528198242,51.95000076293945,52.119998931884766,51.06999969482422,51.150001525878906,3744800
2022-10-04,42.6055793762207,52.95000076293945,52.95000076293945,52.349998474121094,52.369998931884766,2927700
2022-10-05,42.50098419189453,52.81999969482422,53.099998474121094,52.32600021362305,52.52000045776367,3027800
2022-10-06,42.02622985839844,52.22999954223633,52.86000061035156,52.119998931884766,52.75,2895400
2022-10-07,41.29401779174805,51.31999969482422,51.970001220703125,51.06999969482422,51.939998626708984,3006900
2022-10-10,41.23768615722656,51.25,51.54999923706055,50.970001220703125,51.36000061035156,2958300
2022-10-11,41.14114761352539,51.130001068115234,51.63199996948242,50.959999084472656,51.060001373291016,3286700
2022-10-12,40.93998718261719,50.880001068115234,51.400001525878906,50.849998474121094,51.20199966430664,2510200
2022-10-13,41.72047805786133,51.849998474121094,52.029998779296875,49.91999816894531,50.130001068115234,5004300
2022-10-14,41.14114761352539,51.130001068115234,52.36000061035156,51.084999084472656,52.18000030517578,2885800
2022-10-17,41.84117889404297,52.0,52.15999984741211,51.685001373291016,51.709999084472656,3039100
2022-10-18,42.24348449707031,52.5,52.82899856567383,52.16999816894531,52.70000076293945,2947500
2022-10-19,41.93771743774414,52.119998931884766,52.47999954223633,51.880001068115234,52.36000061035156,3974400
2022-10-20,41.53541946411133,51.619998931884766,52.36000061035156,51.54999923706055,52.15999984741211,1883900
2022-10-21,42.187164306640625,52.43000030517578,52.5,51.5,51.630001068115234,2154400
2022-10-24,42.62971878051758,52.97999954223633,53.13999938964844,52.63999938964844,52.70000076293945,3827100
2022-10-25,42.99180221557617,53.43000030517578,53.470001220703125,53.0099983215332,53.040000915527344,4329600
2022-10-26,43.13664245605469,53.61000061035156,53.874000549316406,53.369998931884766,53.369998931884766,3752400
2022-10-27,43.305606842041016,53.81999969482422,54.16899871826172,53.76100158691406,53.900001525878906,2797000
2022-10-28,43.95738220214844,54.630001068115234,54.65999984741211,53.900001525878906,53.93000030517578,3344500
2022-10-31,43.909088134765625,54.56999969482422,54.779998779296875,54.459999084472656,54.59000015258789,5064200
2022-11-01,43.86515426635742,53.90999984741211,54.13999938964844,53.75,54.099998474121094,3024800
2022-11-02,43.40949249267578,53.349998474121094,54.34000015258789,53.29999923706055,53.986000061035156,3686300
2022-11-03,43.35254669189453,53.279998779296875,53.560001373291016,52.97999954223633,53.060001373291016,3804300
2022-11-04,43.7756462097168,53.79999923706055,53.97999954223633,53.19499969482422,53.72999954223633,3141600
2022-11-07,44.068565368652344,54.15999984741211,54.244998931884766,53.8390007019043,54.0,3042400
2022-11-08,44.34522247314453,54.5,54.7400016784668,54.1349983215332,54.31999969482422,4025200
2022-11-09,43.873287200927734,53.91999816894531,54.529998779296875,53.90999984741211,54.31999969482422,2560300
2022-11-10,44.90665817260742,55.189998626708984,55.27000045776367,54.79999923706055,55.11000061035156,4690400
2022-11-11,44.67068862915039,54.900001525878906,55.27000045776367,54.71900177001953,55.220001220703125,2727400
2022-11-14,44.71950912475586,54.959999084472656,55.279998779296875,54.904998779296875,54.95000076293945,3505800
2022-11-15,44.800872802734375,55.060001373291016,55.31999969482422,54.75,55.31999969482422,4677000
2022-11-16,44.9147834777832,55.20000076293945,55.34000015258789,55.02000045776367,55.119998931884766,2720400
2022-11-17,44.88225173950195,55.15999984741211,55.20000076293945,54.91999816894531,55.0,3046000
2022-11-18,45.23211669921875,55.59000015258789,55.65999984741211,55.369998931884766,55.369998931884766,3318100
2022-11-21,45.48435974121094,55.900001525878906,55.95000076293945,55.599998474121094,55.630001068115234,4278000
2022-11-22,45.736602783203125,56.209999084472656,56.279998779296875,56.060001373291016,56.19499969482422,3420000
2022-11-23,45.83424758911133,56.33000183105469,56.362998962402344,56.20000076293945,56.20000076293945,2472700
2022-11-25,45.98884582519531,56.52000045776367,56.540000915527344,56.43000030517578,56.43000030517578,1311100
2022-11-28,45.70405197143555,56.16999816894531,56.51900100708008,56.084999084472656,56.5,2933100
2022-11-29,45.68778610229492,56.150001525878906,56.2599983215332,55.900001525878906,56.2599983215332,3274100
2022-11-30,46.200401306152344,56.779998779296875,56.779998779296875,55.922000885009766,56.15399932861328,4311500
2022-12-01,46.159263610839844,56.119998931884766,56.32500076293945,55.97999954223633,56.11000061035156,4228200
2022-12-02,46.192169189453125,56.15999984741211,56.279998779296875,55.810001373291016,55.95000076293945,2960800
2022-12-05,45.994773864746094,55.91999816894531,56.13999938964844,55.81999969482422,56.13999938964844,3369000
2022-12-06,45.7068977355957,55.56999969482422,55.970001220703125,55.314998626708984,55.970001220703125,3562800
2022-12-07,45.731571197509766,55.599998474121094,55.83000183105469,55.470001220703125,55.5099983215332,3500400
2022-12-08,45.96187973022461,55.880001068115234,56.02000045776367,55.66999816894531,55.7599983215332,3607200
2022-12-09,45.69044494628906,55.54999923706055,55.9900016784668,55.54999923706055,55.849998474121094,3010400
2022-12-12,46.257972717285156,56.2400016784668,56.2400016784668,55.619998931884766,55.619998931884766,2824800
2022-12-13,46.332000732421875,56.33000183105469,56.91999816894531,56.04499816894531,56.900001525878906,5682800
2022-12-14,46.23329544067383,56.209999084472656,56.72999954223633,56.02000045776367,56.34000015258789,3769500
2022-12-15,45.49303436279297,55.310001373291016,55.959999084472656,55.095001220703125,55.91999816894531,4807300
2022-12-16,45.090003967285156,54.81999969482422,55.0,54.47999954223633,55.0,4840200
2022-12-19,44.83503341674805,54.5099983215332,55.0,54.27000045776367,54.7400016784668,4034600
2022-12-20,44.867923736572266,54.54999923706055,54.7400016784668,54.23400115966797,54.459999084472656,3567500
2022-12-21,45.427242279052734,55.22999954223633,55.380001068115234,54.81999969482422,54.88999938964844,3440700
2022-12-22,45.09823989868164,54.83000183105469,55.0,54.099998474121094,55.0,3593000
2022-12-23,45.37788391113281,55.16999816894531,55.16999816894531,54.63999938964844,54.79999923706055,3100600
2022-12-27,45.48481750488281,55.29999923706055,55.40999984741211,54.9900016784668,55.29999923706055,3353400
2022-12-28,45.03242874145508,54.75,55.5,54.720001220703125,55.31999969482422,4093200
2022-12-29,45.492095947265625,54.72999954223633,54.86000061035156,54.36000061035156,54.5099983215332,4576900
2022-12-30,45.2926025390625,54.4900016784668,54.619998931884766,54.060001373291016,54.619998931884766,4000300
2023-01-03,45.275978088378906,54.470001220703125,54.762001037597656,54.040000915527344,54.720001220703125,3670100
2023-01-04,45.50040817260742,54.7400016784668,54.93000030517578,54.41999816894531,54.61000061035156,3526900
2023-01-05,45.03493118286133,54.18000030517578,54.577999114990234,54.084999084472656,54.577999114990234,3480000
2023-01-06,45.86613082885742,55.18000030517578,55.279998779296875,54.36000061035156,54.540000915527344,4908700
2023-01-09,45.733154296875,55.02000045776367,55.540000915527344,54.970001220703125,55.33000183105469,6390600
2023-01-10,45.87446212768555,55.189998626708984,55.189998626708984,54.869998931884766,55.018001556396484,4676100
2023-01-11,46.132118225097656,55.5,55.5,55.220001220703125,55.220001220703125,4556400
2023-01-12,46.182003021240234,55.560001373291016,55.70000076293945,55.31100082397461,55.54999923706055,5013000
2023-01-13,46.298362731933594,55.70000076293945,55.755001068115234,55.380001068115234,55.380001068115234,3628300
2023-01-17,46.182003021240234,55.560001373291016,55.88999938964844,55.54999923706055,55.709999084472656,4028700
2023-01-18,45.65834045410156,54.93000030517578,55.70000076293945,54.849998474121094,55.689998626708984,5801900
2023-01-19,45.408966064453125,54.630001068115234,54.86000061035156,54.599998474121094,54.790000915527344,4390900
2023-01-20,45.72481918334961,55.0099983215332,55.06999969482422,54.5,54.720001220703125,4096400
2023-01-23,45.816261291503906,55.119998931884766,55.29999923706055,54.959999084472656,55.29999923706055,6425100
2023-01-24,45.87446212768555,55.189998626708984,55.22999954223633,54.86000061035156,55.08000183105469,5721300
2023-01-25,45.849510192871094,55.15999984741211,55.20000076293945,54.762001037597656,55.04600143432617,5590100
2023-01-26,45.87446212768555,55.189998626708984,55.25,55.029998779296875,55.2400016784668,9693800
2023-01-27,45.733154296875,55.02000045776367,55.18000030517578,54.95000076293945,55.119998931884766,5570500
2023-01-30,45.733154296875,55.02000045776367,55.2599983215332,54.97999954223633,54.9900016784668,5568200
2023-01-31,46.1071891784668,55.470001220703125,55.470001220703125,55.04999923706055,55.11000061035156,7037000
2023-02-01,46.11893081665039,55.040000915527344,55.18000030517578,54.7599983215332,55.0,6340400
2023-02-02,46.035125732421875,54.939998626708984,55.060001373291016,54.70000076293945,55.029998779296875,9691300
2023-02-03,45.825653076171875,54.689998626708984,54.95000076293945,54.529998779296875,54.79999923706055,8327900
2023-02-06,45.9094352722168,54.790000915527344,54.83000183105469,54.61199951171875,54.61199951171875,4600800
2023-02-07,45.92619323730469,54.810001373291016,54.86000061035156,54.5099983215332,54.77000045776367,4355500
2023-02-08,45.76698303222656,54.619998931884766,54.7599983215332,54.58000183105469,54.74599838256836,4377900
2023-02-09,45.607791900634766,54.43000030517578,54.83000183105469,54.40999984741211,54.79999923706055,3725100
2023-02-10,45.892677307128906,54.77000045776367,54.79999923706055,54.400001525878906,54.43000030517578,4380900
2023-02-13,46.135677337646484,55.060001373291016,55.08000183105469,54.84000015258789,54.86000061035156,3512000
2023-02-14,46.04350662231445,54.95000076293945,55.16999816894531,54.7599983215332,55.11000061035156,4925700
2023-02-15,46.16080856323242,55.09000015258789,55.09000015258789,54.845001220703125,54.93000030517578,4002700
2023-02-16,45.91781234741211,54.79999923706055,55.040000915527344,54.61000061035156,54.89500045776367,4742200
2023-02-17,46.00161361694336,54.900001525878906,54.959999084472656,54.599998474121094,54.68000030517578,3952100
2023-02-21,45.507240295410156,54.310001373291016,54.70000076293945,54.290000915527344,54.630001068115234,5479700
2023-02-22,45.38154983520508,54.15999984741211,54.47999954223633,54.0099983215332,54.31999969482422,4520800
2023-02-23,45.4653434753418,54.2599983215332,54.41999816894531,53.80500030517578,54.400001525878906,4055800
2023-02-24,45.12179946899414,53.849998474121094,53.970001220703125,53.52000045776367,53.849998474121094,4727800
2023-02-27,45.24748611450195,54.0,54.41999816894531,53.880001068115234,54.18000030517578,7071700
2023-02-28,45.071537017822266,53.790000915527344,54.11000061035156,53.790000915527344,53.994998931884766,5348000
2023-03-01,44.88661193847656,53.15999984741211,53.345001220703125,52.959999084472656,53.314998626708984,4360300
2023-03-02,45.232791900634766,53.56999969482422,53.676998138427734,52.95000076293945,53.0,3454500
2023-03-03,45.62120819091797,54.029998779296875,54.06999969482422,53.55099868774414,53.75,4499200
2023-03-06,45.688758850097656,54.11000061035156,54.305999755859375,54.04999923706055,54.08000183105469,3774000
2023-03-07,45.139915466308594,53.459999084472656,54.189998626708984,53.38999938964844,54.15999984741211,6938300
2023-03-08,45.17369842529297,53.5,53.599998474121094,53.220001220703125,53.5099983215332,3948700
2023-03-09,44.61640930175781,52.84000015258789,53.70000076293945,52.689998626708984,53.608001708984375,5065500
2023-03-10,44.016910552978516,52.130001068115234,52.9370002746582,52.02000045776367,52.84000015258789,6146300
2023-03-13,44.07601547241211,52.20000076293945,52.77000045776367,51.790000915527344,51.869998931884766,5874500
2023-03-14,44.60795593261719,52.83000183105469,53.0,52.28499984741211,52.70000076293945,4611600
2023-03-15,44.3377685546875,52.5099983215332,52.540000915527344,51.939998626708984,52.209999084472656,5393100
2023-03-16,44.85282516479492,53.119998931884766,53.119998931884766,52.21500015258789,52.29999923706055,4580800
2023-03-17,44.354652404785156,52.529998779296875,53.0,52.375,52.9900016784668,3662500
2023-03-20,44.759952545166016,53.0099983215332,53.09000015258789,52.630001068115234,52.630001068115234,3814700
2023-03-21,45.08926010131836,53.400001525878906,53.44499969482422,53.09000015258789,53.40999984741211,3745400
2023-03-22,44.548858642578125,52.7599983215332,53.67300033569336,52.720001220703125,53.400001525878906,3959900
2023-03-23,44.63330078125,52.86000061035156,53.40999984741211,52.58000183105469,53.0,7166900
2023-03-24,44.97105026245117,53.2599983215332,53.279998779296875,52.5099983215332,52.810001373291016,5244200
2023-03-27,45.17369842529297,53.5,53.654998779296875,53.400001525878906,53.52000045776367,3910900
2023-03-28,45.21590805053711,53.54999923706055,53.63999938964844,53.380001068115234,53.4900016784668,3916300
2023-03-29,45.59587478637695,54.0,54.0,53.81999969482422,53.88999938964844,3969200
2023-03-30,45.7731819152832,54.209999084472656,54.2400016784668,54.0099983215332,54.209999084472656,4289800
2023-03-31,46.10248565673828,54.599998474121094,54.61000061035156,54.310001373291016,54.31999969482422,6179800
2023-04-03,46.19187927246094,54.2599983215332,54.29999923706055,54.040000915527344,54.18000030517578,3933600
2023-04-04,46.07269287109375,54.119998931884766,54.34000015258789,54.040000915527344,54.290000915527344,3678600
2023-04-05,46.22593307495117,54.29999923706055,54.34000015258789,54.130001068115234,54.130001068115234,3425200
2023-04-06,46.259986877441406,54.34000015258789,54.39799880981445,54.209999084472656,54.349998474121094,3266900
2023-04-10,46.353633880615234,54.45000076293945,54.459999084472656,54.16999816894531,54.279998779296875,4149300
2023-04-11,46.4813232421875,54.599998474121094,54.720001220703125,54.5099983215332,54.52000045776367,3929200
2023-04-12,46.54091262817383,54.66999816894531,54.88999938964844,54.61000061035156,54.810001373291016,3823500
2023-04-13,46.702659606933594,54.86000061035156,54.90999984741211,54.58100128173828,54.72999954223633,3740500
2023-04-14,46.63456344604492,54.779998779296875,54.91999816894531,54.65999984741211,54.849998474121094,3115200
2023-04-17,46.736717224121094,54.900001525878906,54.93000030517578,54.7599983215332,54.849998474121094,3572300
2023-04-18,46.77077102661133,54.939998626708984,55.040000915527344,54.83000183105469,55.02000045776367,3548100
2023-04-19,46.779273986816406,54.95000076293945,55.02000045776367,54.880001068115234,54.900001525878906,3737100
2023-04-20,46.79631423950195,54.970001220703125,55.060001373291016,54.810001373291016,54.849998474121094,4249700
2023-04-21,46.889957427978516,55.08000183105469,55.138999938964844,54.935001373291016,55.08000183105469,4211500
2023-04-24,46.95806884765625,55.15999984741211,55.220001220703125,55.04999923706055,55.150001525878906,4854100
2023-04-25,46.54091262817383,54.66999816894531,55.08000183105469,54.63999938964844,55.06999969482422,4652500
2023-04-26,46.1578369140625,54.220001220703125,54.68000030517578,54.150001525878906,54.68000030517578,5363700
2023-04-27,46.81333541870117,54.9900016784668,55.06999969482422,54.400001525878906,54.400001525878906,6862500
2023-04-28,47.16236877441406,55.400001525878906,55.400001525878906,54.96500015258789,54.970001220703125,5066200
2023-05-01,47.243865966796875,55.06999969482422,55.22999954223633,54.96500015258789,54.970001220703125,4217500
2023-05-02,46.97792434692383,54.7599983215332,55.04999923706055,54.36000061035156,55.040000915527344,5161700
2023-05-03,46.669090270996094,54.400001525878906,54.880001068115234,54.36000061035156,54.790000915527344,4841000
2023-05-04,46.4460334777832,54.13999938964844,54.400001525878906,53.939998626708984,54.36000061035156,4792300
2023-05-05,46.943603515625,54.720001220703125,54.79999923706055,54.39899826049805,54.40999984741211,4466500
2023-05-08,46.926448822021484,54.70000076293945,54.810001373291016,54.560001373291016,54.810001373291016,3708300
2023-05-09,46.797760009765625,54.54999923706055,54.65999984741211,54.459999084472656,54.58000183105469,3322500
2023-05-10,46.90929412841797,54.68000030517578,54.869998931884766,54.31999969482422,54.79999923706055,3639400
2023-05-11,46.849239349365234,54.61000061035156,54.65999984741211,54.380001068115234,54.63999938964844,3383600
2023-05-12,46.87497329711914,54.63999938964844,54.79999923706055,54.404998779296875,54.7400016784668,3240900
2023-05-15,46.935035705566406,54.709999084472656,54.7400016784668,54.5,54.72999954223633,3311300
2023-05-16,46.54897689819336,54.2599983215332,54.650001525878906,54.2599983215332,54.650001525878906,7855100
2023-05-17,46.926448822021484,54.70000076293945,54.7400016784668,54.28300094604492,54.47999954223633,6800700
2023-05-18,47.04655456542969,54.84000015258789,54.849998474121094,54.5099983215332,54.65999984741211,4526300
2023-05-19,47.080875396728516,54.880001068115234,55.02899932861328,54.75,54.95000076293945,6986400
2023-05-22,46.98650360107422,54.77000045776367,55.060001373291016,54.72200012207031,54.959999084472656,4157200
2023-05-23,46.60045623779297,54.31999969482422,54.70000076293945,54.2400016784668,54.689998626708984,5497700
2023-05-24,46.19725036621094,53.849998474121094,54.189998626708984,53.78499984741211,54.18000030517578,5310600
2023-05-25,46.23155975341797,53.88999938964844,53.9900016784668,53.654998779296875,53.869998931884766,5108000
2023-05-26,46.4460334777832,54.13999938964844,54.27899932861328,53.959999084472656,54.0,4661900
2023-05-30,46.36882781982422,54.04999923706055,54.27000045776367,53.93000030517578,54.27000045776367,5850200
2023-05-31,46.34308624267578,54.02000045776367,54.150001525878906,53.81999969482422,53.970001220703125,5734500
2023-06-01,46.57197570800781,53.91999816894531,53.9900016784668,53.58000183105469,53.779998779296875,4999500
2023-06-02,46.96065139770508,54.369998931884766,54.400001525878906,54.02000045776367,54.06999969482422,5164900
2023-06-05,46.99519348144531,54.40999984741211,54.44499969482422,54.27000045776367,54.380001068115234,5505600
2023-06-06,46.90018844604492,54.29999923706055,54.40999984741211,54.20000076293945,54.400001525878906,4366800
2023-06-07,46.99519348144531,54.40999984741211,54.44499969482422,54.18000030517578,54.290000915527344,4669400
2023-06-08,47.081581115722656,54.5099983215332,54.529998779296875,54.36000061035156,54.43000030517578,3447400
2023-06-09,47.0211067199707,54.439998626708984,54.540000915527344,54.38999938964844,54.5,6439600
2023-06-12,47.09020233154297,54.52000045776367,54.540000915527344,54.40999984741211,54.5099983215332,4094700
2023-06-13,47.16794204711914,54.61000061035156,54.630001068115234,54.470001220703125,54.599998474121094,4313300
2023-06-14,47.081581115722656,54.5099983215332,54.650001525878906,54.470001220703125,54.61000061035156,4593300
2023-06-15,47.33205795288086,54.79999923706055,54.849998474121094,54.54999923706055,54.56999969482422,4341800
2023-06-16,47.375240325927734,54.849998474121094,54.97999954223633,54.84000015258789,54.856998443603516,3556000
2023-06-20,47.219764709472656,54.66999816894531,54.81999969482422,54.65999984741211,54.81999969482422,3827700
2023-06-21,47.29750061035156,54.7599983215332,54.849998474121094,54.54999923706055,54.70000076293945,3765300
2023-06-22,47.3061408996582,54.77000045776367,54.790000915527344,54.63999938964844,54.720001220703125,3489100
2023-06-23,47.19385528564453,54.63999938964844,54.744998931884766,54.57500076293945,54.70000076293945,3779700
2023-06-26,47.314788818359375,54.779998779296875,54.81999969482422,54.59000015258789,54.65999984741211,4131100
2023-06-27,47.470245361328125,54.959999084472656,55.0,54.77399826049805,54.81999969482422,4989600
2023-06-28,47.383872985839844,54.86000061035156,54.959999084472656,54.75,54.959999084472656,5061000
2023-06-29,47.5566291809082,55.060001373291016,55.09000015258789,54.742000579833984,54.88999938964844,4573100
2023-06-30,47.789833068847656,55.33000183105469,55.36000061035156,55.13999938964844,55.16999816894531,7601800
2023-07-03,47.81504440307617,55.0,55.02000045776367,54.75,54.95000076293945,2907700
2023-07-05,47.77155685424805,54.95000076293945,54.970001220703125,54.79999923706055,54.869998931884766,3590600
2023-07-06,47.554229736328125,54.70000076293945,54.77000045776367,54.540000915527344,54.77000045776367,4975000
2023-07-07,47.44120788574219,54.56999969482422,54.83000183105469,54.55500030517578,54.70000076293945,4038000
2023-07-10,47.693321228027344,54.86000061035156,54.90999984741211,54.56999969482422,54.56999969482422,4643700
2023-07-11,47.85850143432617,55.04999923706055,55.084999084472656,54.849998474121094,54.95000076293945,4096600
2023-07-12,48.01498794555664,55.22999954223633,55.290000915527344,55.1150016784668,55.220001220703125,6094800
2023-07-13,47.9802131652832,55.189998626708984,55.279998779296875,55.189998626708984,55.279998779296875,4867900
2023-07-14,48.093231201171875,55.31999969482422,55.34000015258789,55.1619987487793,55.22999954223633,4034100
2023-07-17,48.14540481567383,55.380001068115234,55.45000076293945,55.18199920654297,55.279998779296875,4518900
2023-07-18,48.162784576416016,55.400001525878906,55.56999969482422,55.29999923706055,55.40999984741211,4478900
2023-07-19,48.23233413696289,55.47999954223633,55.599998474121094,55.42300033569336,55.5,4522600
2023-07-20,48.39751052856445,55.66999816894531,55.689998626708984,55.43899917602539,55.470001220703125,4363100
2023-07-21,48.580078125,55.880001068115234,55.939998626708984,55.709999084472656,55.72999954223633,3557000
2023-07-24,48.61485290527344,55.91999816894531,55.95000076293945,55.845001220703125,55.88999938964844,7898200
2023-07-25,48.5366096496582,55.83000183105469,55.869998931884766,55.720001220703125,55.849998474121094,4649500
2023-07-26,48.60615539550781,55.90999984741211,55.93000030517578,55.720001220703125,55.790000915527344,4311600
2023-07-27,48.42359161376953,55.70000076293945,55.970001220703125,55.6349983215332,55.93000030517578,5089900
2023-07-28,48.52790832519531,55.81999969482422,55.869998931884766,55.70000076293945,55.849998474121094,4359100
2023-07-31,48.580078125,55.880001068115234,55.93000030517578,55.779998779296875,55.900001525878906,5094700
2023-08-01,48.562599182128906,55.56999969482422,55.650001525878906,55.470001220703125,55.5,3938900
2023-08-02,48.387821197509766,55.369998931884766,55.54999923706055,55.33000183105469,55.38999938964844,4592000
2023-08-03,48.32665252685547,55.29999923706055,55.41999816894531,55.119998931884766,55.2599983215332,4157800
2023-08-04,48.1780891418457,55.130001068115234,55.599998474121094,55.06999969482422,55.41999816894531,4958500
2023-08-07,48.606292724609375,55.619998931884766,55.619998931884766,55.189998626708984,55.20000076293945,4127000
2023-08-08,48.44899368286133,55.439998626708984,55.4900016784668,55.130001068115234,55.38999938964844,4570400
2023-08-09,48.370330810546875,55.349998474121094,55.59000015258789,55.27000045776367,55.439998626708984,3050600
2023-08-10,48.440250396728516,55.43000030517578,55.869998931884766,55.33000183105469,55.540000915527344,3977600
2023-08-11,48.5189094543457,55.52000045776367,55.560001373291016,55.25,55.301998138427734,2917800
2023-08-14,48.64125061035156,55.65999984741211,55.67499923706055,55.4109992980957,55.45000076293945,3269000
2023-08-15,48.1780891418457,55.130001068115234,55.47999954223633,55.053001403808594,55.47999954223633,3682900
2023-08-16,47.90717697143555,54.81999969482422,55.29999923706055,54.810001373291016,55.099998474121094,6538100
2023-08-17,47.63627243041992,54.5099983215332,55.01499938964844,54.459999084472656,54.970001220703125,3834200
2023-08-18,47.63627243041992,54.5099983215332,54.619998931884766,54.150001525878906,54.209999084472656,3312400
2023-08-21,47.72365951538086,54.61000061035156,54.709999084472656,54.2599983215332,54.560001373291016,2877600
2023-08-22,47.63627243041992,54.5099983215332,54.779998779296875,54.459999084472656,54.709999084472656,3604900
2023-08-23,47.994564056396484,54.91999816894531,55.0,54.61000061035156,54.630001068115234,3413000
2023-08-24,47.61878967285156,54.4900016784668,55.22999954223633,54.470001220703125,54.95000076293945,3200700
2023-08-25,47.97709274291992,54.900001525878906,55.029998779296875,54.42499923706055,54.65999984741211,3348700
2023-08-28,48.20429611206055,55.15999984741211,55.27000045776367,55.0099983215332,55.09000015258789,3789600
2023-08-29,48.57135009765625,55.58000183105469,55.59000015258789,55.13100051879883,55.209999084472656,3871600
2023-08-30,48.70242691040039,55.72999954223633,55.790000915527344,55.58000183105469,55.58000183105469,4378500
2023-08-31,48.580081939697266,55.59000015258789,55.81999969482422,55.58000183105469,55.81700134277344,4070600
2023-09-01,48.6750373840332,55.36000061035156,55.5,55.25,55.470001220703125,3160300
2023-09-05,48.411258697509766,55.060001373291016,55.369998931884766,55.040000915527344,55.36000061035156,2965800
2023-09-06,48.411258697509766,55.060001373291016,55.099998474121094,54.779998779296875,55.0,4071100
2023-09-07,48.48160171508789,55.13999938964844,55.22999954223633,54.90999984741211,54.91600036621094,4945000
2023-09-08,48.51676940917969,55.18000030517578,55.290000915527344,55.06999969482422,55.150001525878906,3219400
2023-09-11,48.710205078125,55.400001525878906,55.40999984741211,55.209999084472656,55.275001525878906,3234800
2023-09-12,48.51676940917969,55.18000030517578,55.34000015258789,55.119998931884766,55.279998779296875,3269600
2023-09-13,48.604705810546875,55.279998779296875,55.349998474121094,55.150001525878906,55.152000427246094,3085100
2023-09-14,48.87725830078125,55.59000015258789,55.619998931884766,55.369998931884766,55.439998626708984,2703800
2023-09-15,48.52556228637695,55.189998626708984,55.540000915527344,55.13999938964844,55.5099983215332,3460800
2023-09-18,48.604705810546875,55.279998779296875,55.400001525878906,55.14500045776367,55.189998626708984,2533200
2023-09-19,48.50798034667969,55.16999816894531,55.290000915527344,54.849998474121094,55.279998779296875,3740500
2023-09-20,48.34092330932617,54.97999954223633,55.41999816894531,54.95000076293945,55.27000045776367,3287000
2023-09-21,47.663902282714844,54.209999084472656,54.779998779296875,54.17499923706055,54.77000045776367,4375500
2023-09-22,47.61994171142578,54.15999984741211,54.5,54.119998931884766,54.349998474121094,3547800
2023-09-25,47.734249114990234,54.290000915527344,54.29999923706055,53.98099899291992,54.060001373291016,3006300
2023-09-26,47.1275634765625,53.599998474121094,54.04499816894531,53.54999923706055,54.02000045776367,5683300
2023-09-27,47.03964614868164,53.5,53.79999923706055,53.16999816894531,53.779998779296875,4692600
2023-09-28,47.24186325073242,53.72999954223633,53.900001525878906,53.45000076293945,53.5,5007300
2023-09-29,47.0923957824707,53.560001373291016,54.04999923706055,53.40999984741211,54.040000915527344,4676900
2023-10-02,46.88258743286133,52.959999084472656,53.13999938964844,52.61000061035156,53.1349983215332,4792900
2023-10-03,46.38685607910156,52.400001525878906,52.95000076293945,52.29999923706055,52.720001220703125,7589400
2023-10-04,46.77635955810547,52.84000015258789,52.84000015258789,52.28499984741211,52.5,6039200
2023-10-05,46.555049896240234,52.59000015258789,52.81999969482422,52.31999969482422,52.77000045776367,4213100
2023-10-06,46.92685317993164,53.0099983215332,53.21500015258789,52.13999938964844,52.349998474121094,4766500
2023-10-09,47.174720764160156,53.290000915527344,53.314998626708984,52.7599983215332,52.810001373291016,2503200
2023-10-10,47.44028854370117,53.59000015258789,53.779998779296875,53.31999969482422,53.36000061035156,3272900
2023-10-11,47.590782165527344,53.7599983215332,53.7599983215332,53.470001220703125,53.689998626708984,2707300
2023-10-12,47.334068298339844,53.470001220703125,53.834999084472656,53.25,53.810001373291016,3391200
2023-10-13,47.32521438598633,53.459999084472656,53.79999923706055,53.244998931884766,53.61800003051758,3436400
2023-10-16,47.741275787353516,53.93000030517578,54.040000915527344,53.650001525878906,53.68000030517578,3184100
2023-10-17,47.856361389160156,54.060001373291016,54.220001220703125,53.77000045776367,53.79999923706055,2903700
2023-10-18,47.39603805541992,53.540000915527344,54.04999923706055,53.47999954223633,54.04999923706055,3029300
2023-10-19,47.05080032348633,53.150001525878906,53.720001220703125,53.0629997253418,53.61000061035156,4153700
2023-10-20,46.63472366333008,52.68000030517578,53.224998474121094,52.67499923706055,53.08000183105469,3385500
2023-10-23,46.475379943847656,52.5,52.959999084472656,52.369998931884766,52.529998779296875,3146000
2023-10-24,46.7940673828125,52.86000061035156,52.974998474121094,52.57500076293945,52.720001220703125,3484200
2023-10-25,46.34259033203125,52.349998474121094,52.70000076293945,52.22999954223633,52.70000076293945,4311800
2023-10-26,45.979652404785156,51.939998626708984,52.400001525878906,51.90999984741211,52.22999954223633,4238400
2023-10-27,45.59898376464844,51.5099983215332,52.060001373291016,51.380001068115234,52.0,4815100
2023-10-30,46.138980865478516,52.119998931884766,52.25,51.7400016784668,51.79999923706055,3296400
2023-10-31,46.581607818603516,52.619998931884766,52.650001525878906,52.125,52.2400016784668,3473000
2023-11-01,46.9996452331543,52.72999954223633,52.74800109863281,52.314998626708984,52.34000015258789,3722600
2023-11-02,47.55226516723633,53.349998474121094,53.349998474121094,52.93000030517578,52.93000030517578,3549800
2023-11-03,47.766178131103516,53.59000015258789,53.720001220703125,53.5099983215332,53.619998931884766,5768500
2023-11-06,47.88206100463867,53.720001220703125,53.720001220703125,53.54999923706055,53.70000076293945,3255800
2023-11-07,47.766178131103516,53.59000015258789,53.70000076293945,53.47999954223633,53.540000915527344,3046600
2023-11-08,47.80182647705078,53.630001068115234,53.70000076293945,53.44300079345703,53.650001525878906,3267500
2023-11-09,47.53443908691406,53.33000183105469,53.720001220703125,53.33000183105469,53.68000030517578,4188900
2023-11-10,47.95335388183594,53.79999923706055,53.81999969482422,53.369998931884766,53.459999084472656,2566800
2023-11-13,47.95335388183594,53.79999923706055,53.849998474121094,53.66999816894531,53.72999954223633,2471400
2023-11-14,48.30989456176758,54.20000076293945,54.25600051879883,54.10499954223633,54.18000030517578,4067100
2023-11-15,48.30097579956055,54.189998626708984,54.25199890136719,54.130001068115234,54.25,3050000
2023-11-16,48.29206466674805,54.18000030517578,54.279998779296875,54.16999816894531,54.20000076293945,2895900
2023-11-17,48.37228012084961,54.27000045776367,54.31999969482422,54.220001220703125,54.29999923706055,2615300
2023-11-20,48.36337661743164,54.2599983215332,54.31999969482422,54.20000076293945,54.31999969482422,3205300
2023-11-21,48.514888763427734,54.43000030517578,54.470001220703125,54.279998779296875,54.290000915527344,3351900
2023-11-22,48.64860153198242,54.58000183105469,54.599998474121094,54.459999084472656,54.4900016784668,3901000
2023-11-24,48.746639251708984,54.689998626708984,54.689998626708984,54.564998626708984,54.59000015258789,1522000
2023-11-27,48.63969039916992,54.56999969482422,54.70000076293945,54.54999923706055,54.689998626708984,4783400
2023-11-28,48.63077163696289,54.560001373291016,54.67499923706055,54.48500061035156,54.650001525878906,3399800
2023-11-29,48.58620834350586,54.5099983215332,54.650001525878906,54.459999084472656,54.650001525878906,3628200
2023-11-30,48.76445770263672,54.709999084472656,54.72999954223633,54.45000076293945,54.529998779296875,3229900
2023-12-01,48.970943450927734,54.54999923706055,54.54999923706055,54.31999969482422,54.380001068115234,3570500
2023-12-04,49.024810791015625,54.61000061035156,54.630001068115234,54.40999984741211,54.40999984741211,3143800
2023-12-05,48.818336486816406,54.380001068115234,54.58000183105469,54.34000015258789,54.52000045776367,3345700
2023-12-06,48.863216400146484,54.43000030517578,54.540000915527344,54.369998931884766,54.540000915527344,3269600
2023-12-07,48.90810775756836,54.47999954223633,54.5099983215332,54.36000061035156,54.439998626708984,3280900
2023-12-08,48.82730484008789,54.38999938964844,54.459999084472656,54.27000045776367,54.40999984741211,2865200
2023-12-11,49.10560607910156,54.70000076293945,54.75,54.41999816894531,54.47999954223633,3768200
2023-12-12,49.33900833129883,54.959999084472656,54.959999084472656,54.74599838256836,54.77000045776367,3025200
2023-12-13,49.61730194091797,55.27000045776367,55.27000045776367,54.900001525878906,54.97999954223633,3566200
2023-12-14,49.44674301147461,55.08000183105469,55.33000183105469,55.029998779296875,55.33000183105469,5764700
2023-12-15,49.41980743408203,55.04999923706055,55.060001373291016,54.91999816894531,55.0099983215332,3508000
2023-12-18,49.40184783935547,55.029998779296875,55.11000061035156,54.9900016784668,55.06999969482422,5357800
2023-12-19,49.49162673950195,55.130001068115234,55.13999938964844,55.060001373291016,55.119998931884766,4827000
2023-12-20,49.21332931518555,54.81999969482422,55.099998474121094,54.78499984741211,55.099998474121094,4393400
2023-12-21,49.41980743408203,55.04999923706055,55.04999923706055,54.79999923706055,54.970001220703125,3555700
2023-12-22,49.48264694213867,55.119998931884766,55.16999816894531,55.0,55.0,3290400
2023-12-26,49.59037399291992,55.2400016784668,55.290000915527344,55.14899826049805,55.150001525878906,2818600
2023-12-27,49.67116928100586,55.33000183105469,55.33000183105469,55.18000030517578,55.290000915527344,3500600
2023-12-28,49.741737365722656,54.97999954223633,55.02000045776367,54.90999984741211,54.93000030517578,3791800
2023-12-29,49.741737365722656,54.97999954223633,55.02000045776367,54.880001068115234,54.970001220703125,3643100
